time,data
2022-01-01 00:00:01.157462726,213.0885457707915
2022-01-01 00:00:01.790688836,220.42033486686964
2022-01-01 00:00:02.509515555,226.08472776841737
2022-01-01 00:00:04.071057471,234.5915867818797
2022-01-01 00:00:04.082738285,234.8303826068192
2022-01-01 00:00:04.522059672,238.5467926613182
2022-01-01 00:00:05.876680073,236.1881153540544
2022-01-01 00:00:07.415115887,227.44118683367915
2022-01-01 00:00:08.650122537,214.3464256650671
2022-01-01 00:00:09.947909204,201.5246381168246
2022-01-01 00:00:10.578197646,194.52622956225065
2022-01-01 00:00:12.309499211,174.9220881400988
2022-01-01 00:00:12.576901977,171.83821956794213
2022-01-01 00:00:12.840752382,170.68600048411778
2022-01-01 00:00:13.185521536,167.4202811206588
2022-01-01 00:00:14.901601343,164.71780381730574
2022-01-01 00:00:15.461967822,162.41402887907986
2022-01-01 00:00:16.655445394,167.616528449356
2022-01-01 00:00:18.065522567,178.14932377914846
2022-01-01 00:00:18.067420808,178.2226887618656
2022-01-01 00:00:21.433893615,214.87585066399853
2022-01-01 00:00:21.641251512,217.99753849066485
2022-01-01 00:00:22.155824419,223.52689985327612
2022-01-01 00:00:22.426492562,222.7988280340381
2022-01-01 00:00:24.115227703,235.57300980132584
2022-01-01 00:00:24.366118854,237.039491175986
2022-01-01 00:00:25.812479434,236.3990809748688
2022-01-01 00:00:26.083591069,233.5874896463941
2022-01-01 00:00:27.757570069,222.92497672307292
2022-01-01 00:00:28.379536845,217.2960175870112
2022-01-01 00:00:30.075287214,198.90901963776324
2022-01-01 00:00:30.982258480,188.46127719372123
2022-01-01 00:00:31.654451325,182.4826480338666
2022-01-01 00:00:34.070044096,162.81464995072602
2022-01-01 00:00:34.206103707,164.57465239139043
2022-01-01 00:00:34.293287106,165.21505478450823
2022-01-01 00:00:36.096520386,166.22482408608784
2022-01-01 00:00:37.037084441,171.2445885188419
2022-01-01 00:00:37.485585465,175.59231867717335
2022-01-01 00:00:37.708014228,175.2444765837853
2022-01-01 00:00:40.662113515,209.6002354341447
2022-01-01 00:00:40.698147024,209.32964727640905
2022-01-01 00:00:41.749775981,217.71109036043333
2022-01-01 00:00:42.807780380,228.1209985595264
2022-01-01 00:00:43.911854600,237.35124437634147
2022-01-01 00:00:45.374016740,236.00635660350812
2022-01-01 00:00:45.974332163,232.4512024884975
2022-01-01 00:00:45.994916416,233.2165998332384
2022-01-01 00:00:48.428430874,218.33094239063905
2022-01-01 00:00:48.659008431,214.15042478003025
2022-01-01 00:00:48.905332305,213.8393009660089
2022-01-01 00:00:50.573463754,194.75847773506587
2022-01-01 00:00:52.907902436,170.47037802570563
2022-01-01 00:00:52.916068559,170.44864879134286
2022-01-01 00:00:54.170513154,165.5708002794118
2022-01-01 00:00:55.284391532,163.45394551025495
2022-01-01 00:00:55.588354148,163.5416706711561
2022-01-01 00:00:55.781239507,164.70611795832497
2022-01-01 00:00:56.163913961,166.5050001279446
2022-01-01 00:00:57.662178377,175.50676666635994
2022-01-01 00:01:00.297929464,204.8096468229685
2022-01-01 00:01:00.399831222,205.9984863150716
2022-01-01 00:01:01.432762948,216.6725790057465
2022-01-01 00:01:02.263452814,226.82681083595156
2022-01-01 00:01:04.728520596,236.16366385025145
2022-01-01 00:01:06.087365025,235.26717245838373
2022-01-01 00:01:06.403554169,233.3488455061797
2022-01-01 00:01:06.515117034,233.79877445214723
2022-01-01 00:01:08.101658069,220.3373028534219
2022-01-01 00:01:09.968343712,201.22010023200855
2022-01-01 00:01:10.737021954,190.65248790582632
2022-01-01 00:01:12.107689549,178.6362801606807
2022-01-01 00:01:12.481395758,174.00831347890653
2022-01-01 00:01:12.943327727,170.91685490888008
2022-01-01 00:01:13.311773568,169.08625343718236
2022-01-01 00:01:13.999808156,165.70221086564504
2022-01-01 00:01:15.759839123,166.37498336649872
2022-01-01 00:01:16.832574703,167.3901765976517
2022-01-01 00:01:17.233217218,172.6726869618198
2022-01-01 00:01:17.770176622,175.45362176657977
2022-01-01 00:01:18.938073781,186.5983655898365
2022-01-01 00:01:21.302820500,215.7358155534568
2022-01-01 00:01:22.016898555,220.6378551204677
2022-01-01 00:01:23.467468217,232.13347709622656
2022-01-01 00:01:24.829204590,239.16091773108795
2022-01-01 00:01:25.313365159,235.60261636575245
2022-01-01 00:01:25.340344587,236.23020330708496
2022-01-01 00:01:28.110041694,219.39840640323237
2022-01-01 00:01:28.115569651,219.41001411616827
2022-01-01 00:01:28.796802518,215.71115618373864
2022-01-01 00:01:28.843549802,214.5564723180402
2022-01-01 00:01:32.074975816,178.9171559156936
2022-01-01 00:01:32.619896249,173.32805695251125
2022-01-01 00:01:34.161553413,163.6602211980387
2022-01-01 00:01:34.687180708,164.9210330927716
2022-01-01 00:01:35.205674240,164.3418008683662
2022-01-01 00:01:35.354365380,163.46729406074772
2022-01-01 00:01:36.934557626,171.34179940716444
2022-01-01 00:01:38.538344511,183.9908677094419
2022-01-01 00:01:38.816943107,186.31904819222092
2022-01-01 00:01:40.375003954,203.45511408668028
2022-01-01 00:01:41.059199838,210.85199529044476
2022-01-01 00:01:41.162113178,214.4140974264659
2022-01-01 00:01:44.116703557,233.7611969358936
2022-01-01 00:01:44.137443108,234.35797978845207
2022-01-01 00:01:46.561058345,231.3148833092047
2022-01-01 00:01:46.635993202,231.24414096160024
2022-01-01 00:01:47.328126280,229.43689648705217
2022-01-01 00:01:47.810366848,222.6077155964291
2022-01-01 00:01:49.435372191,208.0027384548099
2022-01-01 00:01:50.002501249,200.0281836204061
2022-01-01 00:01:50.926179959,192.09460737817795
2022-01-01 00:01:51.732491495,181.9734539038324
2022-01-01 00:01:53.063765774,170.55600428068985
2022-01-01 00:01:53.828201966,169.20429111969412
2022-01-01 00:01:54.897195747,164.27429622525526
2022-01-01 00:01:56.159909198,164.42576122500586
2022-01-01 00:01:56.520091566,165.5501190963338
2022-01-01 00:01:56.931688373,169.09788812108343
2022-01-01 00:01:58.527412653,183.3656910282041
2022-01-01 00:02:00.647984358,207.1563728950126
2022-01-01 00:02:01.533607093,215.99908302961168
2022-01-01 00:02:02.266144040,222.7557284893737
2022-01-01 00:02:03.155901936,230.14274364633064
2022-01-01 00:02:03.647702688,234.95760670641565
2022-01-01 00:02:03.907810802,234.06308629212904
2022-01-01 00:02:06.249181626,232.8625689059244
2022-01-01 00:02:07.387266456,226.5305130962488
2022-01-01 00:02:07.403170687,226.50429471390504
2022-01-01 00:02:09.068673122,208.8832992086807
2022-01-01 00:02:09.981855858,202.0947213329656
2022-01-01 00:02:12.492236711,174.21768173969653
2022-01-01 00:02:13.467027417,168.37624124546306
2022-01-01 00:02:13.680846225,165.53848537466715
2022-01-01 00:02:14.865090070,162.5024451399297
2022-01-01 00:02:15.739694209,163.92637209797965
2022-01-01 00:02:16.270023403,166.15412821057038
2022-01-01 00:02:17.807626917,177.8116392633208
2022-01-01 00:02:18.161765768,181.1993327879809
2022-01-01 00:02:18.872813267,189.51909898707063
2022-01-01 00:02:19.949549879,201.2509747422092
2022-01-01 00:02:21.604842811,219.17113308105792
2022-01-01 00:02:22.107638905,222.0662278298743
2022-01-01 00:02:23.496008518,229.91380719875963
2022-01-01 00:02:23.733121217,234.1129410638696
2022-01-01 00:02:24.461915859,234.56069395488703
2022-01-01 00:02:25.425077415,236.50902366724156
2022-01-01 00:02:28.304848411,216.95633221323857
2022-01-01 00:02:29.285399472,206.88026172162247
2022-01-01 00:02:29.550797289,205.13865006408395
2022-01-01 00:02:29.728073590,203.0889132201609
2022-01-01 00:02:31.929796872,179.25200017837426
2022-01-01 00:02:32.886353313,171.90802574329427
2022-01-01 00:02:32.953911572,170.92372920629805
2022-01-01 00:02:34.124920951,165.0198331547943
2022-01-01 00:02:35.287897335,163.14804321621105
2022-01-01 00:02:35.523704537,162.82811820335488
2022-01-01 00:02:35.596092345,164.1083202695473
2022-01-01 00:02:37.405146213,175.454751842514
2022-01-01 00:02:39.070584691,189.0171885043424
2022-01-01 00:02:39.908225576,197.15801458176813
2022-01-01 00:02:40.388481590,202.25951928682008
2022-01-01 00:02:40.406415357,202.9391487777889
2022-01-01 00:02:40.895466415,208.17048075364104
2022-01-01 00:02:45.317501279,236.74207066870804
2022-01-01 00:02:45.522285776,235.14671498737263
2022-01-01 00:02:47.385298233,227.97666619047376
2022-01-01 00:02:47.975577802,221.5777330454184
2022-01-01 00:02:49.206954722,210.051764407446
2022-01-01 00:02:49.401617406,207.359840394505
2022-01-01 00:02:51.118837194,188.14165020030407
2022-01-01 00:02:51.423931291,183.297704057672
2022-01-01 00:02:52.148498338,173.93609266642278
2022-01-01 00:02:53.485596738,166.19114979460284
2022-01-01 00:02:54.332823976,166.22370454549102
2022-01-01 00:02:54.785760104,164.74306104741942
2022-01-01 00:02:55.384185396,165.79305618635044
2022-01-01 00:02:57.366126617,172.72232452897435
2022-01-01 00:02:58.036954104,178.5762971489436
2022-01-01 00:02:59.434668020,194.15033938610296
2022-01-01 00:03:00.253372464,203.462680994556
2022-01-01 00:03:00.951278570,211.33092806549288
2022-01-01 00:03:01.210661863,211.32691410913347
2022-01-01 00:03:02.587671451,226.3607716153261
2022-01-01 00:03:02.781058155,228.6010647691085
2022-01-01 00:03:04.187526909,233.9247093499909
2022-01-01 00:03:05.766446117,234.49041515505235
2022-01-01 00:03:06.699999900,230.62636575014727
2022-01-01 00:03:08.441909367,217.4202372486644
2022-01-01 00:03:08.758615551,211.6198465876105
2022-01-01 00:03:09.855820356,200.13916155807536
2022-01-01 00:03:10.487838973,193.292528789826
2022-01-01 00:03:13.060385968,168.28778100356513
2022-01-01 00:03:13.328718698,169.44853213390908
2022-01-01 00:03:13.551969458,165.39812935793955
2022-01-01 00:03:14.188249097,163.05834770956068
2022-01-01 00:03:16.426132229,165.15395363972124
2022-01-01 00:03:17.263287408,171.8620457839827
2022-01-01 00:03:18.030974558,177.76769054256468
2022-01-01 00:03:18.438125366,181.0006361096
2022-01-01 00:03:19.532458422,195.33820837107805
2022-01-01 00:03:19.573172565,194.76563778803023
2022-01-01 00:03:21.020388694,210.7336960235063
2022-01-01 00:03:22.100644560,222.28818636608827
2022-01-01 00:03:22.263049732,222.2393254420435
2022-01-01 00:03:24.588051676,237.7288594948542
2022-01-01 00:03:24.919200808,237.6228343330298
2022-01-01 00:03:25.406937024,236.09082411166625
2022-01-01 00:03:28.083276968,222.88339728070335
2022-01-01 00:03:28.860656996,212.38751284921912
2022-01-01 00:03:29.535338459,205.63632711771828
2022-01-01 00:03:30.096773369,198.70419514580743
2022-01-01 00:03:31.119702439,189.80749463483403
2022-01-01 00:03:33.336591258,166.63449589920316
2022-01-01 00:03:33.785564404,164.4372708972126
2022-01-01 00:03:35.434715843,161.16085961309986
2022-01-01 00:03:35.770482063,162.06799622283577
2022-01-01 00:03:36.396213672,166.13557488026052
2022-01-01 00:03:39.422923845,192.24446141839135
2022-01-01 00:03:39.476839072,194.41065380383503
2022-01-01 00:03:39.482500344,194.502255067272
2022-01-01 00:03:39.744376340,197.43677123456493
2022-01-01 00:03:41.844270579,224.02965241758923
2022-01-01 00:03:42.687081186,225.44490565389248
2022-01-01 00:03:43.806808622,229.8248720029404
2022-01-01 00:03:45.707426141,238.86644192221056
2022-01-01 00:03:45.905648820,236.36896910939475
2022-01-01 00:03:48.418561120,217.44532449022665
2022-01-01 00:03:48.617688660,215.0489331330852
2022-01-01 00:03:48.825803636,212.91816407431463
2022-01-01 00:03:49.614528064,205.91336384618305
2022-01-01 00:03:50.762988309,190.92217048467955
2022-01-01 00:03:50.886626770,188.3662091538311
2022-01-01 00:03:53.187594444,168.0273574100972
2022-01-01 00:03:53.299483668,167.75998463148383
2022-01-01 00:03:54.218504391,165.0535353719648
2022-01-01 00:03:55.139393872,161.91484090600758
2022-01-01 00:03:55.623911726,163.29213582411515
2022-01-01 00:03:56.140943109,165.617451099192
2022-01-01 00:03:59.318799220,195.00942704996208
2022-01-01 00:04:00.077502349,202.2379739121581
2022-01-01 00:04:00.405250388,205.3308299414901
2022-01-01 00:04:01.608557776,219.11066294512577
2022-01-01 00:04:02.895333902,229.8624541298246
2022-01-01 00:04:03.823688330,232.6420176651289
2022-01-01 00:04:04.832368262,235.7667848970246
2022-01-01 00:04:05.862419865,236.8202377385817
2022-01-01 00:04:06.809009967,230.77162482107715
2022-01-01 00:04:07.378102304,225.74882677448863
2022-01-01 00:04:08.439868723,218.6465328777116
2022-01-01 00:04:10.439279923,194.53152652497465
2022-01-01 00:04:10.557944444,193.24627271816485
2022-01-01 00:04:13.295367099,166.47569500495385
2022-01-01 00:04:13.511132808,165.68903789797483
2022-01-01 00:04:14.854319176,163.6342543744689
2022-01-01 00:04:15.079506359,163.2571634672616
2022-01-01 00:04:15.092600475,163.3322571974878
2022-01-01 00:04:16.083896895,162.88758670598247
2022-01-01 00:04:17.638447546,174.8416494430895
2022-01-01 00:04:19.050017632,189.18379827498757
2022-01-01 00:04:19.427858496,192.4716955305158
2022-01-01 00:04:20.689241279,208.67027019033952
2022-01-01 00:04:23.009495890,233.1536974268924
2022-01-01 00:04:23.520541935,234.325093327862
2022-01-01 00:04:23.762889810,232.5104649703576
2022-01-01 00:04:24.527294247,235.87456962045977
2022-01-01 00:04:27.303688522,228.1714439876684
2022-01-01 00:04:28.018151591,222.1017943320617
2022-01-01 00:04:28.828922195,213.5222816681694
2022-01-01 00:04:28.977528851,211.04312702939464
2022-01-01 00:04:29.289815928,209.19156304884007
2022-01-01 00:04:29.820128028,200.99813723323064
2022-01-01 00:04:32.106218284,176.21467762558416
2022-01-01 00:04:32.384401765,174.84896125611272
2022-01-01 00:04:33.517126230,166.98181462985974
2022-01-01 00:04:35.321685873,162.58615752798283
2022-01-01 00:04:35.682756528,163.34387976603915
2022-01-01 00:04:36.181827664,165.43909218565597
2022-01-01 00:04:37.928236039,176.4235052948525
2022-01-01 00:04:39.164031726,189.0341392529577
2022-01-01 00:04:40.914717134,210.1634632595577
2022-01-01 00:04:41.344738053,215.7480278256172
2022-01-01 00:04:42.644817907,228.2019387871073
2022-01-01 00:04:42.744671196,227.12933953375952
2022-01-01 00:04:44.991500283,238.0359691840639
2022-01-01 00:04:45.255216348,237.1233882565268
2022-01-01 00:04:45.367535272,235.08549642030687
2022-01-01 00:04:46.356640097,234.17004765342023
2022-01-01 00:04:46.696634172,232.87747789865364
2022-01-01 00:04:49.694898714,204.771536942314
2022-01-01 00:04:51.138112429,187.94315981297825
2022-01-01 00:04:51.619664887,181.9627936733452
2022-01-01 00:04:51.871250446,180.71669917511457
2022-01-01 00:04:52.199842909,176.64709978399773
2022-01-01 00:04:55.129447005,163.9255591165715
2022-01-01 00:04:55.418933355,164.12445266202047
2022-01-01 00:04:55.900532366,164.77562895583588
2022-01-01 00:04:56.237721719,163.77582026303338
2022-01-01 00:04:58.007952302,177.98395027494593
2022-01-01 00:04:59.183024197,188.5381789701162
2022-01-01 00:05:00.724160364,206.60129340706047
2022-01-01 00:05:01.815887581,219.91256860912412
2022-01-01 00:05:02.880541396,229.18102332747748
2022-01-01 00:05:03.280138620,229.6987652611944
2022-01-01 00:05:04.297011246,234.2596048412968
2022-01-01 00:05:04.687620994,235.8590540943196
2022-01-01 00:05:06.502205202,230.89769324626653
2022-01-01 00:05:06.608819058,231.69551206176905
2022-01-01 00:05:08.618370310,218.3830139395756
2022-01-01 00:05:08.764163577,213.83164075336484
2022-01-01 00:05:08.923952860,210.8061352588836
2022-01-01 00:05:11.914866090,180.59835695557103
2022-01-01 00:05:11.981321324,180.22571632003925
2022-01-01 00:05:13.834230953,164.01274906336965
2022-01-01 00:05:14.684482709,162.98204178392646
2022-01-01 00:05:15.748914406,164.10686167066382
2022-01-01 00:05:16.309533667,165.88199156493744
2022-01-01 00:05:17.732522782,174.6237590952927
2022-01-01 00:05:18.558313394,184.40604596378572
2022-01-01 00:05:19.457475056,195.0672390999665
2022-01-01 00:05:19.560221946,196.7809829348696
2022-01-01 00:05:19.959202486,200.8887466572527
2022-01-01 00:05:21.761600339,219.1757235284221
2022-01-01 00:05:22.570255228,226.635647858414
2022-01-01 00:05:24.092942944,233.16570283496537
2022-01-01 00:05:25.471641321,239.2778440285337
2022-01-01 00:05:25.549441373,236.8933143720318
2022-01-01 00:05:26.867836937,230.09697644095007
2022-01-01 00:05:27.090607134,228.6007063893324
2022-01-01 00:05:28.167758976,218.69995339639084
2022-01-01 00:05:28.633469813,216.4332364490785
2022-01-01 00:05:31.698172783,182.2043943591173
2022-01-01 00:05:32.360825139,176.09181134387964
2022-01-01 00:05:33.476554075,167.51161263076472
2022-01-01 00:05:33.678188466,166.81147038074894
2022-01-01 00:05:34.044998565,164.67349550992753
2022-01-01 00:05:35.929018522,165.29038812716357
2022-01-01 00:05:36.367506244,165.8146374205917
2022-01-01 00:05:37.920728404,175.63730441053994
2022-01-01 00:05:39.085227351,189.0588310472893
2022-01-01 00:05:39.236639845,189.43687067165405
2022-01-01 00:05:41.066497771,212.7592702972976
2022-01-01 00:05:43.188054220,229.3512560672676
2022-01-01 00:05:43.783379077,233.14440829196204
2022-01-01 00:05:43.941713724,234.3979277762221
2022-01-01 00:05:45.105661171,240.85492964276452
2022-01-01 00:05:46.597002586,233.3555012844358
2022-01-01 00:05:47.191594498,226.8883234920531
2022-01-01 00:05:47.606779804,227.00193491076425
2022-01-01 00:05:49.523745268,202.8160084720965
2022-01-01 00:05:49.785105315,201.4652270108785
2022-01-01 00:05:50.020723307,198.52335366464905
2022-01-01 00:05:52.615109302,173.91627233917492
2022-01-01 00:05:53.788781236,165.90951643840904
2022-01-01 00:05:54.528228467,162.06879179497912
2022-01-01 00:05:55.150289293,164.05251747978386
2022-01-01 00:05:55.428501720,163.25686186221608
2022-01-01 00:05:56.804905734,169.03960185910657
2022-01-01 00:05:58.216620049,181.4747172605953
2022-01-01 00:05:59.628441607,194.7971825086665
2022-01-01 00:06:00.528315728,205.25902667713927
2022-01-01 00:06:01.599836378,220.4232673580209
2022-01-01 00:06:03.136741638,231.45845001842895
2022-01-01 00:06:04.215429289,235.41638144855145
2022-01-01 00:06:04.554142730,238.02235954988691
2022-01-01 00:06:04.923191158,236.9794153974021
2022-01-01 00:06:06.218608868,235.2026661468852
2022-01-01 00:06:07.767402616,224.1952669448804
2022-01-01 00:06:07.899187447,221.0490496702801
2022-01-01 00:06:09.730627452,202.07975020639404
2022-01-01 00:06:09.914755319,201.61811001434583
2022-01-01 00:06:11.704794832,181.9250603353139
2022-01-01 00:06:12.306014047,176.07123551589947
2022-01-01 00:06:13.065797271,169.32189574423268
2022-01-01 00:06:13.220589943,169.5489349575801
2022-01-01 00:06:14.372662172,164.03170071218932
2022-01-01 00:06:15.873625101,165.46013033566442
2022-01-01 00:06:16.413574006,166.35649521005882
2022-01-01 00:06:17.909810015,176.7147491135881
2022-01-01 00:06:20.737554935,207.51424468627764
2022-01-01 00:06:20.898288204,210.962372081625
2022-01-01 00:06:22.012479443,224.2437674919381
2022-01-01 00:06:22.138316984,222.6994387777202
2022-01-01 00:06:22.971989359,230.7992300817289
2022-01-01 00:06:23.604917522,233.3605453151728
2022-01-01 00:06:25.235310793,237.13905277656647
2022-01-01 00:06:25.482921371,239.09514225373695
2022-01-01 00:06:25.725561694,236.8277835340764
2022-01-01 00:06:28.162668619,219.62656544247403
2022-01-01 00:06:28.348634265,217.08816602598037
2022-01-01 00:06:30.727695828,191.00400307221005
2022-01-01 00:06:31.421266371,182.45685711585247
2022-01-01 00:06:32.068067325,177.63337694552118
2022-01-01 00:06:33.574727018,165.71202383625268
2022-01-01 00:06:33.596796227,166.14215662651085
2022-01-01 00:06:34.077080921,164.2909269636305
2022-01-01 00:06:36.314335992,165.88289580600966
2022-01-01 00:06:36.627135756,165.5747319689072
2022-01-01 00:06:36.971380844,169.83109942210731
2022-01-01 00:06:38.586245284,186.17076947942684
2022-01-01 00:06:39.894413262,199.6136734330565
2022-01-01 00:06:40.829483921,211.3961180980973
2022-01-01 00:06:42.245294293,222.81737653394256
2022-01-01 00:06:42.892296540,231.23833521153037
2022-01-01 00:06:44.309199582,235.555304302446
2022-01-01 00:06:45.689233109,236.71379219493105
2022-01-01 00:06:46.349184208,232.69367820218324
2022-01-01 00:06:46.407568231,231.66210865421675
2022-01-01 00:06:49.676247164,207.03982843425717
2022-01-01 00:06:49.780622229,202.854939881062
2022-01-01 00:06:50.156555407,198.6891866672036
2022-01-01 00:06:51.632739863,182.882578097564
2022-01-01 00:06:51.649067613,182.4305190134079
2022-01-01 00:06:53.736757462,169.33500518591845
2022-01-01 00:06:55.404439463,164.09312656301748
2022-01-01 00:06:55.707251133,161.95582772981274
2022-01-01 00:06:56.646936790,168.7317629834374
2022-01-01 00:06:57.641059755,175.03155232849713
2022-01-01 00:06:57.650105605,175.3863077205327
2022-01-01 00:06:59.508655360,194.39541662103247
2022-01-01 00:06:59.624878482,196.76132308551607
2022-01-01 00:06:59.773052346,198.66751781395865
2022-01-01 00:07:00.840416980,209.98293530976355
2022-01-01 00:07:02.031527173,221.5903071023038
2022-01-01 00:07:02.773734013,225.65241100188655
2022-01-01 00:07:06.370027079,231.2933530474114
2022-01-01 00:07:06.817086494,230.2409351550043
2022-01-01 00:07:07.221672394,226.60851049805584
2022-01-01 00:07:08.498204629,216.2131131766943
2022-01-01 00:07:10.552436333,191.52632771813984
2022-01-01 00:07:10.669740128,191.65523628941597
2022-01-01 00:07:10.698395797,191.6279518398257
2022-01-01 00:07:11.008610635,190.20259306373956
2022-01-01 00:07:12.403928488,174.02592395583136
2022-01-01 00:07:13.332503416,169.40984965253332
2022-01-01 00:07:15.860643182,164.1840515533554
2022-01-01 00:07:16.261255713,164.42830773362007
2022-01-01 00:07:17.450768508,173.69042523533125
2022-01-01 00:07:18.688615338,186.27820061348416
2022-01-01 00:07:18.953686811,186.84109503229837
2022-01-01 00:07:20.472158082,206.3528377123156
2022-01-01 00:07:21.734543983,219.89736113103203
2022-01-01 00:07:22.324145509,224.55467539632744
2022-01-01 00:07:22.429586786,224.70323557312227
2022-01-01 00:07:24.102225198,235.5373918605879
2022-01-01 00:07:24.205756971,235.81954493102108
2022-01-01 00:07:27.032789997,228.1379463600819
2022-01-01 00:07:27.236905318,228.21646110381516
2022-01-01 00:07:28.117732794,218.2759147562312
2022-01-01 00:07:28.615976275,216.08213086635263
2022-01-01 00:07:29.118367677,211.07566536725983
2022-01-01 00:07:30.120196537,197.61681848055477
2022-01-01 00:07:32.716429226,172.2128913531094
2022-01-01 00:07:34.035031969,167.71544333754488
2022-01-01 00:07:34.859357373,163.40282171254194
2022-01-01 00:07:35.067906961,163.25347817216436
2022-01-01 00:07:35.370372328,163.62605213620407
2022-01-01 00:07:37.274675521,173.0908998781125
2022-01-01 00:07:38.981998768,191.0638211997725
2022-01-01 00:07:40.436384656,202.69922503845547
2022-01-01 00:07:40.987123548,213.75157982012848
2022-01-01 00:07:41.410788069,215.69006020571533
2022-01-01 00:07:41.689005286,217.4474692591981
2022-01-01 00:07:43.553536767,233.9392144149199
2022-01-01 00:07:43.640169897,234.91439495562156
2022-01-01 00:07:45.233838264,236.5578628511682
2022-01-01 00:07:45.557223377,236.43126359017813
2022-01-01 00:07:46.490892291,233.21373164760757
2022-01-01 00:07:47.784871644,223.8597258984384
2022-01-01 00:07:49.428773379,206.135647304766
2022-01-01 00:07:50.093853706,200.83042896558248
2022-01-01 00:07:52.362546841,176.21921299884673
2022-01-01 00:07:52.731008490,172.35177106454546
2022-01-01 00:07:52.965424500,171.7124568770897
2022-01-01 00:07:54.505370941,162.29732686575088
2022-01-01 00:07:54.992598710,163.00625578121202
2022-01-01 00:07:57.904667565,180.2663924344127
2022-01-01 00:07:57.983711895,180.19322508471916
2022-01-01 00:07:58.342120574,182.78478609529336
2022-01-01 00:07:58.738985296,185.60188532043983
2022-01-01 00:08:00.673210074,207.838636797772
2022-01-01 00:08:01.167853355,213.4582187789273
2022-01-01 00:08:01.175261670,213.49806001004063
2022-01-01 00:08:01.406159372,216.1810268892629
2022-01-01 00:08:04.820754066,234.06189272712928
2022-01-01 00:08:04.832094050,234.05514979207928
2022-01-01 00:08:06.490189682,234.0884123177723
2022-01-01 00:08:06.917907872,229.202270085131
2022-01-01 00:08:08.746167495,211.8324597088985
2022-01-01 00:08:08.790885747,213.19482611696264
2022-01-01 00:08:09.946588777,200.03621879959096
2022-01-01 00:08:11.929433193,177.47675345188657
2022-01-01 00:08:13.375461264,170.723899447505
2022-01-01 00:08:13.599622307,165.23876275393582
2022-01-01 00:08:14.122222126,165.6963887284453
2022-01-01 00:08:14.594420556,162.35274970556767
2022-01-01 00:08:16.314298166,163.80243738485487
2022-01-01 00:08:16.443717985,164.92126286803318
2022-01-01 00:08:17.226746511,171.423706201367
2022-01-01 00:08:18.746626645,183.01489989275825
2022-01-01 00:08:20.061772146,200.60787237594695
2022-01-01 00:08:20.871650669,210.23112145263272
2022-01-01 00:08:21.877385834,221.97446886308063
2022-01-01 00:08:22.749921314,227.0684471922333
2022-01-01 00:08:22.904339947,228.954850361858
2022-01-01 00:08:24.565023110,234.39677480096597
2022-01-01 00:08:24.990682311,237.0093536579058
2022-01-01 00:08:28.402278483,216.0152856618709
2022-01-01 00:08:28.886934802,213.04463981071885
2022-01-01 00:08:29.108410282,211.53557968311677
2022-01-01 00:08:29.784735409,202.89097824748308
2022-01-01 00:08:30.544594522,196.15283515774252
2022-01-01 00:08:32.694429252,170.5344802240419
2022-01-01 00:08:34.040598644,164.0837168222184
2022-01-01 00:08:34.699001665,161.23830223123895
2022-01-01 00:08:35.503346546,163.5354622629456
2022-01-01 00:08:35.755243656,167.17213338662648
2022-01-01 00:08:37.361888162,175.33473137203174
2022-01-01 00:08:37.659303785,176.41850311428556
2022-01-01 00:08:38.596154221,182.36067685345628
2022-01-01 00:08:39.229859889,193.8529547825956
2022-01-01 00:08:40.801707178,211.65416437932447
2022-01-01 00:08:42.216251294,225.52260272414733
2022-01-01 00:08:42.801209336,227.30873773927016
2022-01-01 00:08:43.970802852,232.8761216895826
2022-01-01 00:08:45.551927714,236.59088536909783
2022-01-01 00:08:46.870732905,231.07369339573427
2022-01-01 00:08:47.664195432,224.29975349114784
2022-01-01 00:08:48.280010049,221.88190750195483
2022-01-01 00:08:49.444310916,206.0217698035735
2022-01-01 00:08:49.952765886,201.63001539467248
2022-01-01 00:08:51.825384146,180.8538506067309
2022-01-01 00:08:51.892989170,179.38086780360413
2022-01-01 00:08:54.275321131,162.54516192204557
2022-01-01 00:08:54.638260651,162.14469371056686
2022-01-01 00:08:55.317462459,163.90077179255954
2022-01-01 00:08:55.661381813,165.32688016507828
2022-01-01 00:08:57.854972155,179.27757481581637
2022-01-01 00:08:57.901946487,178.14572494147063
2022-01-01 00:08:58.975552116,189.85472944656016
2022-01-01 00:09:00.070543504,202.8050514189952
2022-01-01 00:09:01.566600318,217.86073614789825
2022-01-01 00:09:01.570688094,217.82981386506933
2022-01-01 00:09:02.983318912,228.80757306566755
2022-01-01 00:09:03.060259276,230.84603423390405
2022-01-01 00:09:04.326947056,236.8372014300988
2022-01-01 00:09:06.355174399,236.0111805142654
2022-01-01 00:09:07.115144971,229.407212157292
2022-01-01 00:09:07.897569634,218.97100708702
2022-01-01 00:09:08.342749052,216.9736169160749
2022-01-01 00:09:08.582047378,215.85682788071463
2022-01-01 00:09:10.619481552,193.36845501205457
2022-01-01 00:09:12.410252143,175.7877500457174
2022-01-01 00:09:13.544735095,166.68461488859057
2022-01-01 00:09:14.580199557,163.77582709334257
2022-01-01 00:09:15.203085173,162.90468359154184
2022-01-01 00:09:15.276683647,163.73773260349023
2022-01-01 00:09:16.693568348,168.17117023897617
2022-01-01 00:09:19.130807274,188.921109309014
2022-01-01 00:09:19.522661695,196.0043266099759
2022-01-01 00:09:19.786781588,196.43546459790053
2022-01-01 00:09:21.508938306,218.62419615149352
2022-01-01 00:09:22.334174214,225.36647958921617
2022-01-01 00:09:22.915080579,230.00900398969705
2022-01-01 00:09:23.948593199,238.62632267545712
2022-01-01 00:09:24.903081917,238.74468611567312
2022-01-01 00:09:26.298971653,233.93626342809924
2022-01-01 00:09:27.697039060,227.34601716576367
2022-01-01 00:09:27.719765623,226.19103295092515
2022-01-01 00:09:28.777413105,215.00904098368497
2022-01-01 00:09:30.050180824,199.491086746815
2022-01-01 00:09:30.788381802,190.0025691150557
2022-01-01 00:09:31.228480927,186.65517609676695
2022-01-01 00:09:32.950217874,169.93541856583553
2022-01-01 00:09:35.236826659,162.66786173055797
2022-01-01 00:09:35.588778350,162.85009567087073
2022-01-01 00:09:36.577592738,168.57654309907315
2022-01-01 00:09:37.401430579,173.62106163900935
2022-01-01 00:09:37.840291367,176.39046389438835
2022-01-01 00:09:38.408733146,181.45576780126217
2022-01-01 00:09:39.223614855,191.39206248554092
2022-01-01 00:09:41.360472058,216.13715465884613
2022-01-01 00:09:41.773826431,220.84040083683712
2022-01-01 00:09:41.896511638,221.3082904733724
2022-01-01 00:09:45.755525326,236.8767831297518
2022-01-01 00:09:45.955162887,236.54675091609917
2022-01-01 00:09:46.018625741,235.3370166629544
2022-01-01 00:09:46.979236903,229.58564492633587
2022-01-01 00:09:47.641593236,224.07925427527604
2022-01-01 00:09:48.421283476,217.21891630703985
2022-01-01 00:09:49.459617837,207.6246118454258
2022-01-01 00:09:49.624886552,204.30657938856808
2022-01-01 00:09:50.298779494,198.7592108235233
2022-01-01 00:09:52.120704167,178.66423672995847
2022-01-01 00:09:55.060473947,161.21270911937967
2022-01-01 00:09:55.539017188,164.6567899693835
2022-01-01 00:09:56.181221425,164.82008578561272
2022-01-01 00:09:57.077897183,171.06683861897852
2022-01-01 00:09:58.114510818,178.52097875556382
2022-01-01 00:09:58.589741558,185.2041475264097
2022-01-01 00:09:59.905650528,198.49852907963336
2022-01-01 00:10:01.004835599,212.4904051539668
2022-01-01 00:10:01.528260881,215.8934299629789
2022-01-01 00:10:03.488538221,231.67986182490048
2022-01-01 00:10:03.868162786,233.4863629219221
2022-01-01 00:10:04.782795165,237.9659458440105
2022-01-01 00:10:05.577659307,234.45645706385088
2022-01-01 00:10:07.618688981,224.23841942078832
2022-01-01 00:10:08.887672356,214.5103487143615
2022-01-01 00:10:09.443504846,203.5756591886102
2022-01-01 00:10:10.089881131,197.7743202066125
2022-01-01 00:10:10.133869374,196.8693816994378
2022-01-01 00:10:12.310007379,173.11546663168113
2022-01-01 00:10:13.348717906,166.37646034175566
2022-01-01 00:10:13.603057694,166.0335778527366
2022-01-01 00:10:14.705485473,163.74993526350664
2022-01-01 00:10:16.404777182,165.51229201336776
2022-01-01 00:10:16.962759453,168.7598201521559
2022-01-01 00:10:16.992948396,169.3720006423794
2022-01-01 00:10:20.097091653,203.14056980210427
2022-01-01 00:10:21.168998962,216.49278616214016
2022-01-01 00:10:21.888160245,221.75724284754784
2022-01-01 00:10:22.104390099,222.81644303644785
2022-01-01 00:10:22.728163816,227.1416212398545
2022-01-01 00:10:23.992090137,232.8872673818766
2022-01-01 00:10:24.883189544,236.21866569685912
2022-01-01 00:10:25.189572804,236.12817941067053
2022-01-01 00:10:27.252745893,228.9444052821024
2022-01-01 00:10:27.498376095,226.3100403386521
2022-01-01 00:10:29.529981511,205.57749186942317
2022-01-01 00:10:30.292357986,195.88958040060584
2022-01-01 00:10:30.902901881,188.97552259445567
2022-01-01 00:10:33.185966370,169.6301801274512
2022-01-01 00:10:33.703801552,166.9337911746638
2022-01-01 00:10:33.805216621,165.4704142288819
2022-01-01 00:10:34.277621098,161.4067420777262
2022-01-01 00:10:35.326210683,163.8216596765626
2022-01-01 00:10:37.195644490,169.1123850936385
2022-01-01 00:10:38.345911687,181.6646158902697
2022-01-01 00:10:39.275676009,192.4629320099733
2022-01-01 00:10:39.504507591,193.4568117683483
2022-01-01 00:10:39.747434593,197.5060328586784
2022-01-01 00:10:41.156385692,213.8896636050481
2022-01-01 00:10:43.054921886,228.7062212827036
2022-01-01 00:10:43.210586527,230.1979073413109
2022-01-01 00:10:44.086013239,235.5414278790998
2022-01-01 00:10:44.938587031,236.4508671125582
2022-01-01 00:10:46.137615574,233.30457642320613
2022-01-01 00:10:46.652272672,231.52272701638796
2022-01-01 00:10:49.386899032,205.10734036326676
2022-01-01 00:10:49.867949025,201.57517635370527
2022-01-01 00:10:51.244539219,186.68898250407983
2022-01-01 00:10:52.811588337,169.51238599421563
2022-01-01 00:10:52.961054726,170.76103686709297
2022-01-01 00:10:53.427542690,166.13151382177986
2022-01-01 00:10:53.621652635,166.34635811185527
2022-01-01 00:10:55.700899268,163.93763774527088
2022-01-01 00:10:56.928204782,169.21237324548383
2022-01-01 00:10:57.520224805,175.9709236399651
2022-01-01 00:10:58.761159640,187.0633619776395
2022-01-01 00:10:58.842541197,189.09705346954968
2022-01-01 00:11:00.586066635,205.34350456789684
2022-01-01 00:11:01.601983778,217.6259872590213
2022-01-01 00:11:01.731418155,219.0474214574864
2022-01-01 00:11:01.775388058,219.7582596190541
2022-01-01 00:11:04.352021831,234.51530436772128
2022-01-01 00:11:05.241168889,236.06743211389303
2022-01-01 00:11:06.973547116,230.14513352051893
2022-01-01 00:11:07.223109931,228.89618678386103
2022-01-01 00:11:08.290950044,220.84144124807491
2022-01-01 00:11:09.102179263,209.4868770700972
2022-01-01 00:11:10.318876796,193.65543828499185
2022-01-01 00:11:12.977180285,168.67519373381955
2022-01-01 00:11:13.381209042,166.59935054951575
2022-01-01 00:11:14.149741463,163.32060011387452
2022-01-01 00:11:15.292806561,166.72161407802358
2022-01-01 00:11:16.099320896,166.041500432978
2022-01-01 00:11:16.523094069,166.03026370563975
2022-01-01 00:11:17.928110166,174.8405346229844
2022-01-01 00:11:20.002099725,199.07115865667845
2022-01-01 00:11:20.750005470,207.67640350808463
2022-01-01 00:11:21.591558324,217.0955386775948
2022-01-01 00:11:22.626423517,225.95249690712276
2022-01-01 00:11:22.981550156,228.5457308765542
2022-01-01 00:11:23.593067307,232.86767072873704
2022-01-01 00:11:24.432907397,236.5795745019589
2022-01-01 00:11:25.413509516,238.28070644784745
2022-01-01 00:11:27.949488195,218.55910870539248
2022-01-01 00:11:28.729240539,216.2992281289061
2022-01-01 00:11:30.086437838,196.52295906553377
2022-01-01 00:11:30.560304847,192.9137779362437
2022-01-01 00:11:30.960906470,188.2884246848244
2022-01-01 00:11:31.536931922,184.69797497769764
2022-01-01 00:11:32.819900848,170.77831753988008
2022-01-01 00:11:33.846179910,163.1124523437301
2022-01-01 00:11:35.190801823,165.56357197452004
2022-01-01 00:11:35.593183317,164.76546741692363
2022-01-01 00:11:36.988312248,167.73085082606082
2022-01-01 00:11:37.075353032,169.7605599608993
2022-01-01 00:11:38.577016281,184.4733209893913
2022-01-01 00:11:38.832143955,187.2812740527547
2022-01-01 00:11:42.979003679,229.4518002987232
2022-01-01 00:11:43.125875204,231.25830310377836
2022-01-01 00:11:43.185053272,231.34448018566215
2022-01-01 00:11:43.253676052,231.30931035376017
2022-01-01 00:11:44.993661144,236.94061938874472
2022-01-01 00:11:46.724122534,230.48376386874827
2022-01-01 00:11:48.373560230,217.8386940536688
2022-01-01 00:11:48.597098027,216.4538384537772
2022-01-01 00:11:48.795449874,215.38306657650463
2022-01-01 00:11:49.125905753,211.10541426511813
2022-01-01 00:11:49.682992359,203.36633113120212
2022-01-01 00:11:53.734123778,167.9927151128006
2022-01-01 00:11:53.742248992,167.91425934764712
2022-01-01 00:11:54.204491182,167.08437588130465
2022-01-01 00:11:54.560859288,163.77194003581965
2022-01-01 00:11:56.182773323,165.65807015454084
2022-01-01 00:11:57.105244924,173.58125441432102
2022-01-01 00:11:57.597226785,176.12667648897855
2022-01-01 00:11:58.805050320,186.2212863668828
2022-01-01 00:11:59.887720808,197.56750663474517
2022-01-01 00:11:59.945490332,198.65204156785896
2022-01-01 00:12:02.467457952,224.9262747953056
2022-01-01 00:12:02.587546073,226.37875192696347
2022-01-01 00:12:04.966863319,236.1020347584389
2022-01-01 00:12:05.135013318,236.67260500336585
2022-01-01 00:12:05.192021967,237.53378942106403
2022-01-01 00:12:07.093513377,229.7510520742321
2022-01-01 00:12:08.345120774,217.21723531401364
2022-01-01 00:12:10.437158174,195.41684954320309
2022-01-01 00:12:11.068877639,188.3951646148201
2022-01-01 00:12:11.309801225,186.83089222357117
2022-01-01 00:12:11.919728258,177.28820303031543
2022-01-01 00:12:13.135255200,170.58007736270702
2022-01-01 00:12:14.517764662,164.51294402193594
2022-01-01 00:12:15.935944721,162.30707579152488
2022-01-01 00:12:16.117885977,164.62564517432085
2022-01-01 00:12:16.822523878,169.40461067400187
2022-01-01 00:12:17.402623626,172.17082792284964
2022-01-01 00:12:18.977273943,189.87138859481263
2022-01-01 00:12:19.504200540,195.0244939792516
2022-01-01 00:12:20.256851236,201.1493340212756
2022-01-01 00:12:23.012548222,229.70874861452475
2022-01-01 00:12:23.083378631,229.86504292984804
2022-01-01 00:12:23.633038189,231.4258173498721
2022-01-01 00:12:24.926827308,234.51306551339167
2022-01-01 00:12:26.587226422,231.8161502008816
2022-01-01 00:12:26.873737517,227.4799884570408
2022-01-01 00:12:28.227300172,218.78662123731843
2022-01-01 00:12:29.128809302,209.2051321926279
2022-01-01 00:12:30.117542086,201.58741693288303
2022-01-01 00:12:30.334120671,196.19847462538343
2022-01-01 00:12:32.203942168,174.43401520917814
2022-01-01 00:12:33.376659545,168.72655322380973
2022-01-01 00:12:33.395282398,168.88890109294823
2022-01-01 00:12:34.477680612,162.11679475307758
2022-01-01 00:12:36.310394378,166.12533134769285
2022-01-01 00:12:36.539640210,166.57084137886298
2022-01-01 00:12:37.254429574,170.55316260445926
2022-01-01 00:12:38.331010392,180.81046721966425
2022-01-01 00:12:38.919648189,186.2157149873376
2022-01-01 00:12:41.818858944,215.70454646709385
2022-01-01 00:12:42.755225639,224.34643682991228
2022-01-01 00:12:44.178696151,234.133437043633
2022-01-01 00:12:45.078396012,234.9863229432033
2022-01-01 00:12:45.792978130,237.0713864549924
2022-01-01 00:12:46.636092140,231.4498422209058
2022-01-01 00:12:47.626607827,223.96128921997237
2022-01-01 00:12:47.900710495,221.2994581554922
2022-01-01 00:12:49.621840213,204.725376410097
2022-01-01 00:12:50.769598762,188.81141055844347
2022-01-01 00:12:51.374576296,185.0219044617916
2022-01-01 00:12:51.575196345,183.10351198993925
2022-01-01 00:12:53.001795289,170.59700079676668
2022-01-01 00:12:53.789242663,166.05507973179274
2022-01-01 00:12:55.502769550,164.73469516688203
2022-01-01 00:12:56.248406587,166.75680390252796
2022-01-01 00:12:57.340025348,171.6082799010759
2022-01-01 00:12:58.675162142,185.60411772088867
2022-01-01 00:12:59.089673937,190.31194396506544
2022-01-01 00:12:59.375260181,192.8504686725096
2022-01-01 00:13:00.012036900,202.8995437866085
2022-01-01 00:13:02.086266963,221.4541633697677
2022-01-01 00:13:03.311738508,231.0722071347561
2022-01-01 00:13:03.487607421,231.59851681338665
2022-01-01 00:13:04.817034576,236.33126370468656
2022-01-01 00:13:06.724224857,229.7848418593504
2022-01-01 00:13:07.282657066,227.17772612353147
2022-01-01 00:13:07.595667870,224.90430941841197
2022-01-01 00:13:08.484886544,215.90779080753217
2022-01-01 00:13:09.933162586,199.22787928992184
2022-01-01 00:13:10.119330971,196.1384319143488
2022-01-01 00:13:10.704025105,192.1566749101454
2022-01-01 00:13:13.691608277,165.962241571062
2022-01-01 00:13:13.819005161,164.7268768242851
2022-01-01 00:13:14.746051088,161.62766525955945
2022-01-01 00:13:16.419742285,166.79695472960623
2022-01-01 00:13:17.693244522,176.32929197146757
2022-01-01 00:13:18.200021994,180.2077406388232
2022-01-01 00:13:19.501422528,194.2824925837488
2022-01-01 00:13:20.262600461,202.85028277052052
2022-01-01 00:13:20.281408834,203.1465531557467
2022-01-01 00:13:20.685080348,207.38307693227912
2022-01-01 00:13:22.350918925,223.88713655880625
2022-01-01 00:13:24.024997073,234.6529663436977
2022-01-01 00:13:24.032106008,234.57249455225397
2022-01-01 00:13:27.170885612,228.1770281415663
2022-01-01 00:13:27.187767397,228.38033738266327
2022-01-01 00:13:27.958179398,221.61798636551464
2022-01-01 00:13:29.491343505,206.0984963604897
2022-01-01 00:13:29.834499939,200.7880464305893
2022-01-01 00:13:30.895207157,190.05639325165163
2022-01-01 00:13:30.993717167,188.66644878128025
2022-01-01 00:13:33.653982990,164.15285269851256
2022-01-01 00:13:34.107991796,164.67591238149856
2022-01-01 00:13:34.284404984,163.70336233374528
2022-01-01 00:13:35.757711180,163.27661415128287
2022-01-01 00:13:36.913255920,168.87570401267664
2022-01-01 00:13:38.566292856,182.4714691870729
2022-01-01 00:13:38.606480134,182.47483196209944
2022-01-01 00:13:39.186518021,191.2684827990576
2022-01-01 00:13:40.881863062,209.58477835117745
2022-01-01 00:13:41.053088748,211.70749712726848
2022-01-01 00:13:43.472336068,232.06646128874792
2022-01-01 00:13:43.868593574,234.4016463456026
2022-01-01 00:13:44.891392005,236.22289599355312
2022-01-01 00:13:45.580105522,236.4432014753499
2022-01-01 00:13:48.539660689,216.1226279559375
2022-01-01 00:13:48.803655324,213.2715443821506
2022-01-01 00:13:49.335143188,210.99461620107252
2022-01-01 00:13:50.089480672,198.6950013564161
2022-01-01 00:13:51.739714014,183.59021165988204
2022-01-01 00:13:52.274543660,176.0300960679509
2022-01-01 00:13:52.861180166,168.97104353436742
2022-01-01 00:13:53.477058414,166.91954381435033
2022-01-01 00:13:53.921899587,163.86190229485038
2022-01-01 00:13:56.006213693,165.42884458098237
2022-01-01 00:13:58.497671956,182.91466160251144
2022-01-01 00:13:58.778292496,189.0639758820409
2022-01-01 00:13:58.861703421,190.56228451768467
2022-01-01 00:13:59.384535993,193.0342508042713
2022-01-01 00:14:01.191284399,212.03877733887785
2022-01-01 00:14:01.351304626,215.33628920095987
2022-01-01 00:14:02.862417407,227.43386888080292
2022-01-01 00:14:03.844589237,233.88488549499849
2022-01-01 00:14:04.454821210,236.58066079294807
2022-01-01 00:14:05.379591559,237.2017721892877
2022-01-01 00:14:06.810347072,227.8510266288908
2022-01-01 00:14:07.707722775,223.1251747680896
2022-01-01 00:14:09.053805556,208.53987926724923
2022-01-01 00:14:10.300781590,195.91114581693083
2022-01-01 00:14:10.522520545,195.1465618803455
2022-01-01 00:14:11.106619617,188.5885527211055
2022-01-01 00:14:12.989897052,172.214764623742
2022-01-01 00:14:13.516620265,165.30464597799596
2022-01-01 00:14:14.796358315,160.10103070331613
2022-01-01 00:14:17.033789586,168.84086343606856
2022-01-01 00:14:17.146330674,172.08268015314894
2022-01-01 00:14:17.231149968,171.58431092825347
2022-01-01 00:14:17.888458427,179.58697258393687
2022-01-01 00:14:20.167547400,200.5836149228776
2022-01-01 00:14:21.887724381,218.84988633338745
2022-01-01 00:14:22.774278477,231.61429804506693
2022-01-01 00:14:22.898892943,229.675016303908
2022-01-01 00:14:23.129976764,227.33353674749796
2022-01-01 00:14:24.515331091,235.6643893379753
2022-01-01 00:14:25.496499252,235.8008202828557
2022-01-01 00:14:27.648402927,224.38331938111688
2022-01-01 00:14:28.150045606,217.49816315322616
2022-01-01 00:14:29.079748073,209.79343022340137
2022-01-01 00:14:29.194549822,209.89028280149432
2022-01-01 00:14:30.670442338,191.74404611714584
2022-01-01 00:14:31.889212031,176.64537782187392
2022-01-01 00:14:32.329771209,175.27856637463833
2022-01-01 00:14:32.545450513,171.6174020928932
2022-01-01 00:14:34.916224751,163.65154987388578
2022-01-01 00:14:36.003506901,165.06300479317045
2022-01-01 00:14:36.822307298,169.25812295884032
2022-01-01 00:14:37.369530063,172.67910534712126
2022-01-01 00:14:39.747185819,196.95685072993604
2022-01-01 00:14:40.496521234,209.2460433603654
2022-01-01 00:14:40.764578771,207.85997571129425
2022-01-01 00:14:41.684174710,218.27833400744427
2022-01-01 00:14:41.714269433,218.89465644309908
2022-01-01 00:14:42.547452632,226.07047327827496
2022-01-01 00:14:44.439039019,234.9717409055229
2022-01-01 00:14:45.548084554,236.81272058180045
2022-01-01 00:14:46.194033646,230.85174811164123
2022-01-01 00:14:48.518144192,217.7822192452988
2022-01-01 00:14:48.667602868,214.44896195093543
2022-01-01 00:14:50.495259068,195.47111438914808
2022-01-01 00:14:50.701321286,192.98116301650464
2022-01-01 00:14:51.619471417,182.9034311591264
2022-01-01 00:14:51.716962514,181.77629919591425
2022-01-01 00:14:54.230518818,163.3740051919289
2022-01-01 00:14:54.903329974,163.88480064691706
2022-01-01 00:14:54.945812937,163.53065250522224
2022-01-01 00:14:55.884914437,164.4713179349485
2022-01-01 00:14:56.034849454,164.80054769259368
2022-01-01 00:15:01.159086213,212.83982563621475
2022-01-01 00:15:01.382180932,215.82352305726275
2022-01-01 00:15:02.122603522,225.01746581772667
2022-01-01 00:15:02.937568437,229.29033598107355
2022-01-01 00:15:03.111848669,232.1704326155453
2022-01-01 00:15:03.701455776,235.0605166371317
2022-01-01 00:15:05.444201617,236.1526692870447
2022-01-01 00:15:06.543371011,232.81835299490788
2022-01-01 00:15:07.027955846,228.2501551130262
2022-01-01 00:15:08.561884393,217.088197357027
2022-01-01 00:15:08.929429947,213.32644193097087
2022-01-01 00:15:10.846228184,192.1509064074828
2022-01-01 00:15:11.622314447,182.3921189451681
2022-01-01 00:15:12.145777822,177.09238318794308
2022-01-01 00:15:13.032449212,172.49057323396372
2022-01-01 00:15:13.661710018,166.89604073515335
2022-01-01 00:15:14.157731857,163.48787818430148
2022-01-01 00:15:14.698718883,162.42294859845583
2022-01-01 00:15:15.971568586,165.4915360422927
2022-01-01 00:15:16.577466065,167.06768119289558
2022-01-01 00:15:17.214418870,175.62719713508378
2022-01-01 00:15:20.381992494,203.2013547526185
2022-01-01 00:15:20.621160893,206.4874870552161
2022-01-01 00:15:21.277743519,214.00413886440035
2022-01-01 00:15:23.766901475,230.3022538607148
2022-01-01 00:15:24.129344271,234.3855248507552
2022-01-01 00:15:26.216444575,233.03401488966747
2022-01-01 00:15:27.182825348,228.20066025694484
2022-01-01 00:15:27.488106210,226.4077897770827
2022-01-01 00:15:29.036979400,210.4919082272734
2022-01-01 00:15:29.679652903,202.26677378535345
2022-01-01 00:15:30.230933955,197.0802047347824
2022-01-01 00:15:31.421730048,182.53698524978492
2022-01-01 00:15:31.975612438,178.5358955826651
2022-01-01 00:15:34.449843656,165.26774855511027
2022-01-01 00:15:35.392263658,161.31543665577638
2022-01-01 00:15:36.187108632,166.16388449609047
2022-01-01 00:15:36.235557498,166.38553514448776
2022-01-01 00:15:36.709321394,170.04963730139752
2022-01-01 00:15:39.148111570,187.73661423898477
2022-01-01 00:15:40.299052101,205.44767149558612
2022-01-01 00:15:40.475674820,206.37383129260184
2022-01-01 00:15:40.639730503,208.0129027257769
2022-01-01 00:15:42.222648743,223.51751047256892
2022-01-01 00:15:42.436305820,224.1777028944255
2022-01-01 00:15:43.936919912,236.2882697615408
2022-01-01 00:15:45.319439643,233.33397704619372
2022-01-01 00:15:45.321530298,233.44385278901763
2022-01-01 00:15:45.581230711,235.3530066849797
2022-01-01 00:15:48.227371466,219.76462725645095
2022-01-01 00:15:49.946648572,203.46907179680412
2022-01-01 00:15:50.264672319,196.1731145533856
2022-01-01 00:15:50.765086822,191.0466953110019
2022-01-01 00:15:51.342432161,183.9443454870396
2022-01-01 00:15:52.551928934,174.00738744015777
2022-01-01 00:15:53.811840229,166.05830469549397
2022-01-01 00:15:55.028390456,159.7670622876284
2022-01-01 00:15:57.069643204,169.42472290743325
2022-01-01 00:15:57.107472187,170.3220556132536
2022-01-01 00:15:57.250997063,171.95986128025172
2022-01-01 00:15:57.253224271,172.02643901667872
2022-01-01 00:16:00.347586197,203.61563262615505
2022-01-01 00:16:00.809882205,210.5393388084333
2022-01-01 00:16:03.138974331,230.5055471995653
2022-01-01 00:16:03.561805091,232.802036174127
2022-01-01 00:16:03.566948794,232.7371066599449
2022-01-01 00:16:04.147113403,235.72033230390275
2022-01-01 00:16:05.441499002,238.76140194660135
2022-01-01 00:16:08.217923941,218.2861356830339
2022-01-01 00:16:08.403565024,217.6215200893891
2022-01-01 00:16:08.731869030,214.7845799615208
2022-01-01 00:16:09.789032295,199.80802350032337
2022-01-01 00:16:12.059889089,177.3926018225355
2022-01-01 00:16:12.842260845,169.23082081601598
2022-01-01 00:16:14.283521705,164.4027614437543
2022-01-01 00:16:14.284506253,164.38368290830311
2022-01-01 00:16:14.300639321,164.37467883031903
2022-01-01 00:16:15.750784692,162.83924084276953
2022-01-01 00:16:16.177421798,163.0065908723332
2022-01-01 00:16:17.842794924,175.9434732599637
2022-01-01 00:16:18.927668111,186.4650173669547
2022-01-01 00:16:20.177068623,201.2827702775409
2022-01-01 00:16:22.288720517,222.0459925513323
2022-01-01 00:16:22.718993068,228.2052704795326
2022-01-01 00:16:22.915970977,229.5343560599549
2022-01-01 00:16:24.810458400,235.64646652365587
2022-01-01 00:16:25.307833569,237.22299263127596
2022-01-01 00:16:25.376160280,236.59180980139217
2022-01-01 00:16:25.543577121,235.52729358582377
2022-01-01 00:16:28.596379992,215.3822388942544
2022-01-01 00:16:29.775525279,200.3587522266667
2022-01-01 00:16:30.339747650,193.55880842072185
2022-01-01 00:16:30.537035382,193.3829696410465
2022-01-01 00:16:32.960326685,172.75139203326225
2022-01-01 00:16:33.397987638,168.21244875437864
2022-01-01 00:16:34.874847631,163.86848496275462
2022-01-01 00:16:35.048588133,164.32962061650755
2022-01-01 00:16:36.354154345,167.71166409539376
2022-01-01 00:16:37.719440875,176.23557407735288
2022-01-01 00:16:39.108132456,189.87242249515677
2022-01-01 00:16:40.544803792,206.5518092706637
2022-01-01 00:16:40.582283233,206.643391032827
2022-01-01 00:16:41.079728272,212.99320299472217
2022-01-01 00:16:41.147205372,214.2107866181601
2022-01-01 00:16:41.776821784,220.98977843190343
2022-01-01 00:16:43.388541502,230.60982858114272
2022-01-01 00:16:45.384522354,236.35467782955507
2022-01-01 00:16:47.036952102,230.75220766886255
2022-01-01 00:16:47.098504069,230.72311357435532
2022-01-01 00:16:48.517005727,217.8587512169828
2022-01-01 00:16:48.790368486,214.22381918780013
2022-01-01 00:16:49.877758200,199.9113751641081
2022-01-01 00:16:51.183857159,185.71431107741972
2022-01-01 00:16:51.456982916,186.2123269713535
2022-01-01 00:16:51.908951022,180.61986480320732
2022-01-01 00:16:53.504687001,166.49117190266583
2022-01-01 00:16:53.912149082,165.10702275940125
2022-01-01 00:16:54.181519892,163.65150060073162
2022-01-01 00:16:57.500957931,171.08285449060395
2022-01-01 00:16:58.391969096,179.86475427266927
2022-01-01 00:16:58.562902716,182.82386280467105
2022-01-01 00:17:00.226521945,202.85057124931453
2022-01-01 00:17:00.396602874,204.91752582727403
2022-01-01 00:17:01.322579176,214.04207609407064
2022-01-01 00:17:01.552512209,216.7711595395112
2022-01-01 00:17:03.770884543,234.6855888455192
2022-01-01 00:17:04.663361876,237.8073162232513
2022-01-01 00:17:04.702604195,237.48818435453765
2022-01-01 00:17:06.291692689,234.4387012798385
2022-01-01 00:17:07.838452611,221.33008972751915
2022-01-01 00:17:09.377663519,207.9081615000944
2022-01-01 00:17:09.978975343,200.99052845115352
2022-01-01 00:17:11.028237862,187.49400499845288
2022-01-01 00:17:11.910712131,176.45757974103782
2022-01-01 00:17:11.945934328,176.75508360956326
2022-01-01 00:17:12.364139397,174.491761134915
2022-01-01 00:17:15.883187800,165.63037495447188
2022-01-01 00:17:15.894164590,165.5152347456726
2022-01-01 00:17:17.274006955,170.35580059287122
2022-01-01 00:17:18.156071703,179.75436009635632
2022-01-01 00:17:19.301797127,193.24464845315543
2022-01-01 00:17:21.011965304,210.5113766990995
2022-01-01 00:17:21.064669671,210.6629450383254
2022-01-01 00:17:21.077954329,211.1187046647878
2022-01-01 00:17:21.489637257,217.52457387557968
2022-01-01 00:17:23.521640424,235.09568961906723
2022-01-01 00:17:25.959965924,236.39556011562817
2022-01-01 00:17:26.140684640,235.14492995951383
2022-01-01 00:17:28.693260360,214.9538032855949
2022-01-01 00:17:28.939171716,212.0669813264208
2022-01-01 00:17:29.146085781,209.674370877636
2022-01-01 00:17:29.169139504,209.34170077999397
2022-01-01 00:17:29.211974771,209.15559378750228
2022-01-01 00:17:29.873315478,202.44663225239643
2022-01-01 00:17:34.338154967,161.22952221731006
2022-01-01 00:17:34.350990874,161.98792206363512
2022-01-01 00:17:34.652305342,161.82376062445667
2022-01-01 00:17:34.691032522,161.9253892541227
2022-01-01 00:17:35.221390341,164.0537692069319
2022-01-01 00:17:37.720949497,174.0056121037463
2022-01-01 00:17:38.778734649,187.8816828883249
2022-01-01 00:17:40.806728008,207.29039941679832
2022-01-01 00:17:41.010049041,210.51069695560827
2022-01-01 00:17:41.807044616,219.03571044528667
2022-01-01 00:17:42.373962780,225.64207594397124
2022-01-01 00:17:44.629679221,238.1162973983603
2022-01-01 00:17:45.613932477,237.6071394171496
2022-01-01 00:17:46.038501295,233.6247127870481
2022-01-01 00:17:46.848707786,229.77000303605047
2022-01-01 00:17:47.675755426,223.03039823861144
2022-01-01 00:17:48.915051740,211.2343086933141
2022-01-01 00:17:49.098430677,209.2730667800729
2022-01-01 00:17:50.405071330,195.92631843888609
2022-01-01 00:17:51.186662174,186.61692199635615
2022-01-01 00:17:52.947550163,170.4885181030495
2022-01-01 00:17:52.970408740,170.46267986062884
2022-01-01 00:17:54.980741945,164.55468201477197
2022-01-01 00:17:55.744651530,163.3376885389665
2022-01-01 00:17:56.541121246,165.73297609012127
2022-01-01 00:17:57.721173305,174.9149678249597
2022-01-01 00:17:58.296258002,181.16892631619615
2022-01-01 00:17:59.944080825,197.9784205276344
2022-01-01 00:18:00.597697175,206.54915953609463
2022-01-01 00:18:00.697641570,206.3999694894399
2022-01-01 00:18:02.413904824,226.01728187982997
2022-01-01 00:18:04.115978376,235.84915861107436
2022-01-01 00:18:06.377706360,231.0961151101764
2022-01-01 00:18:06.552493862,232.3275110296337
2022-01-01 00:18:06.709182031,231.73859686100235
2022-01-01 00:18:07.289339825,228.4227566156196
2022-01-01 00:18:08.009985536,221.7735938729233
2022-01-01 00:18:09.005038725,212.2048360452015
2022-01-01 00:18:10.679845594,190.8325500647646
2022-01-01 00:18:11.738592531,178.94722098283142
2022-01-01 00:18:11.986918353,178.70264605076883
2022-01-01 00:18:14.609508484,165.2392173896053
2022-01-01 00:18:14.973050854,161.78898442318732
2022-01-01 00:18:16.591378890,168.52787492522083
2022-01-01 00:18:17.635639410,175.2610404717412
2022-01-01 00:18:19.021938189,187.3886525738488
2022-01-01 00:18:19.698898266,195.4798132179388
2022-01-01 00:18:20.042787477,198.9150037407133
2022-01-01 00:18:21.923772969,221.48744665929956
2022-01-01 00:18:22.273867279,224.7656293644976
2022-01-01 00:18:22.411773270,225.27734025326455
2022-01-01 00:18:22.786578802,229.7441490579248
2022-01-01 00:18:25.662779420,236.94838365408825
2022-01-01 00:18:26.770890794,232.7916940190895
2022-01-01 00:18:27.649081666,223.8900039232476
2022-01-01 00:18:27.904159695,221.4340561353584
2022-01-01 00:18:29.507253548,206.36077908617685
2022-01-01 00:18:29.869913837,201.48769671478485
2022-01-01 00:18:31.304055499,182.2088455605999
2022-01-01 00:18:32.828000345,170.54863931774383
2022-01-01 00:18:33.306913645,169.1463768019406
2022-01-01 00:18:33.989577419,164.7081353011715
2022-01-01 00:18:34.635209692,163.9363787853476
2022-01-01 00:18:35.050732467,164.84371996919728
2022-01-01 00:18:36.088847075,165.68587420727695
2022-01-01 00:18:38.191016275,181.61859586669283
2022-01-01 00:18:38.277126816,182.3085184026101
2022-01-01 00:18:40.819080152,208.45490428405432
2022-01-01 00:18:43.020179551,229.67971734012627
2022-01-01 00:18:43.117579339,231.8795188859301
2022-01-01 00:18:44.428663554,236.9868657858517
2022-01-01 00:18:44.518904760,236.7071907674218
2022-01-01 00:18:44.952702477,236.37404922852352
2022-01-01 00:18:46.560275714,232.09630502037749
2022-01-01 00:18:47.156897047,226.19077544378052
2022-01-01 00:18:47.799484507,222.43070316584405
2022-01-01 00:18:48.228076508,219.22210811705688
2022-01-01 00:18:49.393647182,208.49555325541985
2022-01-01 00:18:50.852995947,190.07656530006503
2022-01-01 00:18:52.448289773,176.00719131256864
2022-01-01 00:18:52.547620491,174.0663720769223
2022-01-01 00:18:53.176758724,169.00486114011082
2022-01-01 00:18:55.231422121,163.01484527470595
2022-01-01 00:18:55.858926175,163.9273442872062
2022-01-01 00:18:58.037313001,178.87951730129163
2022-01-01 00:18:58.796098284,185.98423609900965
2022-01-01 00:18:59.283953377,191.82150116530295
2022-01-01 00:18:59.746324396,196.1542912682368
2022-01-01 00:18:59.840013102,198.2607513669448
2022-01-01 00:19:00.566183602,206.0705621879304
2022-01-01 00:19:03.936650553,233.5618929614788
2022-01-01 00:19:04.292777577,237.2204375252894
2022-01-01 00:19:04.356237546,237.16985264606248
2022-01-01 00:19:05.755185191,237.86759337134825
2022-01-01 00:19:07.131595460,227.85804240040437
2022-01-01 00:19:07.657585996,224.87854245949865
2022-01-01 00:19:08.105931024,221.31854195443975
2022-01-01 00:19:08.319251035,218.16636834807136
2022-01-01 00:19:11.015093860,189.6674192675816
2022-01-01 00:19:11.084810230,188.56545401550343
2022-01-01 00:19:13.282327528,169.0251306764931
2022-01-01 00:19:13.452916982,166.71638152724233
2022-01-01 00:19:15.367752510,164.39353177440603
2022-01-01 00:19:16.301980320,164.96968019863752
2022-01-01 00:19:17.529294040,173.4523536559601
2022-01-01 00:19:17.652239576,174.9036763330106
2022-01-01 00:19:19.832162145,197.2899711348857
2022-01-01 00:19:20.088298946,201.020157568068
2022-01-01 00:19:21.577146388,216.60944513686132
2022-01-01 00:19:22.089800535,220.90484617071277
2022-01-01 00:19:22.492665977,224.20571513831885
2022-01-01 00:19:23.434919021,233.1316075853882
2022-01-01 00:19:24.665435330,236.9994968843276
2022-01-01 00:19:26.063136178,233.9455575726446
2022-01-01 00:19:26.902734517,230.9908467202504
2022-01-01 00:19:28.745057946,216.21076543538123
2022-01-01 00:19:29.269236851,210.1996387281785
2022-01-01 00:19:29.510972746,204.4924389577537
2022-01-01 00:19:30.023496880,199.2104908633093
2022-01-01 00:19:31.351954279,185.3306627256395
2022-01-01 00:19:31.699651901,182.217091888805
2022-01-01 00:19:35.068885287,163.9860274400401
2022-01-01 00:19:35.607444596,163.88204770646976
2022-01-01 00:19:36.682329706,166.16892194817
2022-01-01 00:19:37.129765524,171.18353987094554
2022-01-01 00:19:37.242132861,172.39060133551777
2022-01-01 00:19:37.805857293,177.57506457156978
2022-01-01 00:19:39.608504480,197.279140540784
2022-01-01 00:19:39.940706818,201.06751739536912
2022-01-01 00:19:41.932227066,220.67714207111308
2022-01-01 00:19:42.701076879,228.16031234079
2022-01-01 00:19:43.983455372,235.1179423543961
2022-01-01 00:19:45.253984372,236.9778071261183
2022-01-01 00:19:45.752671062,236.19247819562503
2022-01-01 00:19:48.003706587,221.8805044635376
2022-01-01 00:19:48.501596745,215.6155000241726
2022-01-01 00:19:48.719908414,215.8560024989203
2022-01-01 00:19:50.031369241,198.0431462708501
2022-01-01 00:19:51.889708089,178.3083076986502
2022-01-01 00:19:53.052045681,170.45637898545033
2022-01-01 00:19:53.266935194,168.63478826898816
2022-01-01 00:19:53.874260012,163.7402004104396
2022-01-01 00:19:55.810604369,162.04877831272705
2022-01-01 00:19:56.026127260,165.3007458859185
2022-01-01 00:19:56.775618990,168.4682636015737
2022-01-01 00:19:58.348360709,183.46601010369463
2022-01-01 00:19:59.905071798,198.70856661086123
