,Volumetric flow rate (m3/h)
2021-05-10 00:00:04.272,45560.6015625
2021-05-10 00:00:14.536,45306.9375
2021-05-10 00:00:24.483,45272.203125
2021-05-10 00:00:34.451,45352.74609375
2021-05-10 00:00:44.415,44996.7734375
2021-05-10 00:00:55.367,44538.41796875
2021-05-10 00:01:05.333,44885.3828125
2021-05-10 00:01:15.331,45521.7265625
2021-05-10 00:01:25.348,44837.671875
2021-05-10 00:01:35.277,45005.9765625
2021-05-10 00:01:45.357,45460.4375
2021-05-10 00:01:56.205,45340.60546875
2021-05-10 00:02:06.198,44860.453125
2021-05-10 00:02:16.557,45200.1015625
2021-05-10 00:02:26.526,45421.875
2021-05-10 00:02:36.479,45968.55078125
2021-05-10 00:02:46.448,45872.3984375
2021-05-10 00:02:57.393,44703.6484375
2021-05-10 00:03:07.353,45673.76953125
2021-05-10 00:03:17.370,45751.91796875
2021-05-10 00:03:27.381,45076.86328125
2021-05-10 00:03:37.374,44874.0390625
2021-05-10 00:03:48.197,45577.3125
2021-05-10 00:03:58.190,45239.01171875
2021-05-10 00:04:08.189,45379.45703125
2021-05-10 00:04:18.192,45042.38671875
2021-05-10 00:04:28.527,45982.484375
2021-05-10 00:04:38.485,45970.55859375
2021-05-10 00:04:49.452,45014.296875
2021-05-10 00:04:59.404,45836.05078125
2021-05-10 00:05:09.363,45280.10546875
2021-05-10 00:05:19.384,44873.37109375
2021-05-10 00:05:29.389,45160.58984375
2021-05-10 00:05:39.385,44817.19140625
2021-05-10 00:05:50.287,45381.44921875
2021-05-10 00:06:00.221,44536.28125
2021-05-10 00:06:10.195,44929.5546875
2021-05-10 00:06:20.198,45022.390625
2021-05-10 00:06:30.574,44901.46484375
2021-05-10 00:06:41.518,45694.640625
2021-05-10 00:06:51.491,45776.13671875
2021-05-10 00:07:01.435,44953.84765625
2021-05-10 00:07:11.389,45337.80859375
2021-05-10 00:07:21.356,45018.2578125
2021-05-10 00:07:31.337,44885.70703125
2021-05-10 00:07:41.294,45170.203125
2021-05-10 00:07:52.258,45222.95703125
2021-05-10 00:08:02.258,45291.73046875
2021-05-10 00:08:12.277,44699.390625
2021-05-10 00:08:22.190,44740.14453125
2021-05-10 00:08:32.572,44590.8828125
2021-05-10 00:08:43.527,44736.31640625
2021-05-10 00:08:53.493,44627.70703125
2021-05-10 00:09:03.473,44783.68359375
2021-05-10 00:09:13.443,45487.08203125
2021-05-10 00:09:23.385,44755.4921875
2021-05-10 00:09:33.347,44896.45703125
2021-05-10 00:09:43.376,45571.66015625
2021-05-10 00:09:54.272,45268.38671875
2021-05-10 00:10:04.291,44842.73828125
2021-05-10 00:10:14.284,44738.53125
2021-05-10 00:10:24.324,45276.796875
2021-05-10 00:10:34.595,44671.81640625
2021-05-10 00:10:44.368,45190.203125
2021-05-10 00:10:56.051,45159.5546875
2021-05-10 00:11:05.796,45287.05859375
2021-05-10 00:11:15.746,44799.59375
2021-05-10 00:11:25.722,44940.52734375
2021-05-10 00:11:35.674,45406.13671875
2021-05-10 00:11:46.646,44546.5234375
2021-05-10 00:11:56.581,45506.703125
2021-05-10 00:12:07.051,45103.60546875
2021-05-10 00:12:17.012,44969.05078125
2021-05-10 00:12:26.963,44687.37109375
2021-05-10 00:12:36.953,44828.2109375
2021-05-10 00:12:46.914,45390.80859375
2021-05-10 00:12:57.857,44850.5546875
2021-05-10 00:13:07.818,45028.23046875
2021-05-10 00:13:17.776,45598.33984375
2021-05-10 00:13:27.736,44672.96875
2021-05-10 00:13:37.704,45116.65234375
2021-05-10 00:13:48.658,45429.19140625
2021-05-10 00:13:58.627,45175.48046875
2021-05-10 00:14:08.577,45498.80078125
2021-05-10 00:14:19.038,44208.8359375
2021-05-10 00:14:28.990,44767.9375
2021-05-10 00:14:38.951,45159.55859375
2021-05-10 00:14:49.916,45229.37890625
2021-05-10 00:14:59.871,45528.890625
2021-05-10 00:15:09.841,45416.3046875
2021-05-10 00:15:19.795,44847.125
2021-05-10 00:15:29.750,46184.91015625
2021-05-10 00:15:39.707,45582.26171875
2021-05-10 00:15:50.660,45276.15625
2021-05-10 00:16:00.638,45372.87109375
2021-05-10 00:16:10.601,44757.9453125
2021-05-10 00:16:21.061,44516.953125
2021-05-10 00:16:31.041,45408.0625
2021-05-10 00:16:40.993,45154.6328125
2021-05-10 00:16:50.951,45138.6953125
2021-05-10 00:17:01.912,45239.109375
2021-05-10 00:17:11.857,44673.46875
2021-05-10 00:17:21.818,45225.65234375
2021-05-10 00:17:31.787,45210.9453125
2021-05-10 00:17:41.748,44955.0625
2021-05-10 00:17:52.705,45307.59765625
2021-05-10 00:18:01.668,45584.16015625
2021-05-10 00:18:12.625,45001.3359375
2021-05-10 00:18:23.069,45313.4765625
2021-05-10 00:18:33.048,45082.26953125
2021-05-10 00:18:43.000,44932.73046875
2021-05-10 00:18:53.949,44826.6015625
2021-05-10 00:19:03.912,45122.60546875
2021-05-10 00:19:13.880,45210.9453125
2021-05-10 00:19:23.828,44786.10546875
2021-05-10 00:19:33.798,44979.37109375
2021-05-10 00:19:44.751,44703.59765625
2021-05-10 00:19:54.712,45165.4140625
2021-05-10 00:20:04.676,45290.33984375
2021-05-10 00:20:14.642,45013.3671875
2021-05-10 00:20:35.065,44281.18359375
2021-05-10 00:20:45.039,44768.3828125
2021-05-10 00:20:55.993,45013.3671875
2021-05-10 00:21:05.942,44759.921875
2021-05-10 00:21:15.909,44506.46875
2021-05-10 00:21:25.871,44872.5625
2021-05-10 00:21:35.817,44957.04296875
2021-05-10 00:21:45.779,45156.62109375
2021-05-10 00:21:56.742,44715.96875
2021-05-10 00:22:06.691,44928.8828125
2021-05-10 00:22:16.654,45022.04296875
2021-05-10 00:22:26.629,45193.1171875
2021-05-10 00:22:36.587,44824.7421875
2021-05-10 00:22:47.051,44925.0390625
2021-05-10 00:22:57.985,45152.75
2021-05-10 00:23:07.954,44592.90234375
2021-05-10 00:23:17.422,44544.8671875
2021-05-10 00:23:27.385,44636.8046875
2021-05-10 00:23:37.354,45071.66015625
2021-05-10 00:23:48.332,44383.25390625
2021-05-10 00:23:58.294,44983.5078125
2021-05-10 00:24:08.274,45096.2890625
2021-05-10 00:24:18.216,44742.16796875
2021-05-10 00:24:28.658,44419.6015625
2021-05-10 00:24:38.617,45521.671875
2021-05-10 00:24:48.566,45408.88671875
2021-05-10 00:24:59.532,45018.1875
2021-05-10 00:25:09.484,45336.50390625
2021-05-10 00:25:19.443,44927.1171875
2021-05-10 00:25:29.412,44595.46484375
2021-05-10 00:25:39.871,45336.50390625
2021-05-10 00:25:49.822,45223.76171875
2021-05-10 00:26:00.779,45136.7578125
2021-05-10 00:26:10.736,44662.1796875
2021-05-10 00:26:20.715,45219.89453125
2021-05-10 00:26:30.678,44907.43359375
2021-05-10 00:26:40.630,44536.8515625
2021-05-10 00:26:51.578,44452.203125
2021-05-10 00:27:02.050,44831.4140625
2021-05-10 00:27:12.003,45057.0625
2021-05-10 00:27:21.965,45175.765625
2021-05-10 00:27:31.922,44609.85546875
2021-05-10 00:27:41.896,44666.203125
2021-05-10 00:27:52.852,45513.8359375
2021-05-10 00:28:02.899,44638.02734375
2021-05-10 00:28:12.840,45294.32421875
2021-05-10 00:28:22.798,44994.22265625
2021-05-10 00:28:32.770,45209.2734375
2021-05-10 00:28:42.722,44531.11328125
2021-05-10 00:28:53.675,44768.88671875
2021-05-10 00:29:03.639,45378.859375
2021-05-10 00:29:13.597,45275.046875
2021-05-10 00:29:24.057,45215.6484375
2021-05-10 00:29:34.024,44705.953125
2021-05-10 00:29:43.975,45015.9375
2021-05-10 00:29:53.930,45087.87109375
2021-05-10 00:30:04.888,44762.3125
2021-05-10 00:30:14.860,44959.5703125
2021-05-10 00:30:24.809,44776.6015625
2021-05-10 00:30:34.777,45229.84375
2021-05-10 00:30:44.744,45139.42578125
2021-05-10 00:30:56.204,44688.15234375
2021-05-10 00:31:05.647,44178.19921875
2021-05-10 00:31:15.203,45017.91796875
2021-05-10 00:31:26.070,45245.8203125
2021-05-10 00:31:36.052,44347.3046875
2021-05-10 00:31:46.014,44597.15625
2021-05-10 00:31:54.963,44882.82421875
2021-05-10 00:32:07.281,44798.26953125
2021-05-10 00:32:15.879,44930.58203125
2021-05-10 00:32:26.363,45606.23828125
2021-05-10 00:32:36.798,45683.8203125
2021-05-10 00:32:46.770,45591.89453125
2021-05-10 00:32:58.211,45029.3046875
2021-05-10 00:33:08.213,44898.578125
2021-05-10 00:33:18.208,45219.625
2021-05-10 00:33:28.211,44747.7734375
2021-05-10 00:33:38.057,44663.30859375
2021-05-10 00:33:49.014,44798.2734375
2021-05-10 00:33:58.981,45144.36328125
2021-05-10 00:34:08.930,45265.859375
2021-05-10 00:34:18.889,44713.8203125
2021-05-10 00:34:28.790,44607.00390625
2021-05-10 00:34:38.913,45160.3125
2021-05-10 00:34:49.866,45001.15234375
2021-05-10 00:34:59.351,44504.34765625
2021-05-10 00:35:09.582,44691.46484375
2021-05-10 00:35:19.546,45272.96875
2021-05-10 00:35:29.523,45357.453125
2021-05-10 00:35:39.483,45151.765625
2021-05-10 00:35:49.444,45211.03515625
2021-05-10 00:36:00.398,44845.31640625
2021-05-10 00:36:10.376,44968.13671875
2021-05-10 00:36:20.316,46457.8671875
2021-05-10 00:36:30.379,44900.69921875
2021-05-10 00:36:40.289,44569.19140625
2021-05-10 00:36:51.688,45146.2734375
2021-05-10 00:37:01.659,45317.7734375
2021-05-10 00:37:11.614,45587.578125
2021-05-10 00:37:21.580,45435.8515625
2021-05-10 00:37:31.537,45323.75390625
2021-05-10 00:37:41.504,45882.87109375
2021-05-10 00:37:52.453,45693.765625
2021-05-10 00:38:02.413,44839.08984375
2021-05-10 00:38:12.367,45202.59375
2021-05-10 00:38:22.380,46348.25390625
2021-05-10 00:38:32.297,45718.515625
2021-05-10 00:38:42.288,45630.8828125
2021-05-10 00:38:53.719,45136.07421875
2021-05-10 00:39:03.671,45897.703125
2021-05-10 00:39:13.654,45636.29296875
2021-05-10 00:39:23.603,45099.3203125
2021-05-10 00:39:33.565,45073.0
2021-05-10 00:39:43.527,44874.88671875
2021-05-10 00:39:54.480,45113.52734375
2021-05-10 00:40:04.445,45357.25390625
2021-05-10 00:40:14.399,45702.56640625
2021-05-10 00:40:24.472,46521.078125
2021-05-10 00:40:34.432,45662.24609375
2021-05-10 00:40:44.398,45786.8203125
2021-05-10 00:40:55.381,46003.25
2021-05-10 00:41:05.337,45364.40234375
2021-05-10 00:41:15.303,45662.27734375
2021-05-10 00:41:25.736,45782.9375
2021-05-10 00:41:35.689,45994.8203125
2021-05-10 00:41:45.654,46426.37109375
2021-05-10 00:41:56.604,46272.4921875
2021-05-10 00:42:06.577,45967.6328125
2021-05-10 00:42:16.534,45785.15234375
2021-05-10 00:42:26.512,45778.76171875
2021-05-10 00:42:36.452,45479.73828125
2021-05-10 00:42:46.404,45234.75
2021-05-10 00:42:57.374,45252.8359375
2021-05-10 00:43:07.376,45416.26171875
2021-05-10 00:43:17.382,45210.5703125
2021-05-10 00:43:27.775,45737.0546875
2021-05-10 00:43:37.717,45581.8046875
2021-05-10 00:43:47.688,45026.01953125
2021-05-10 00:43:58.652,44876.01171875
2021-05-10 00:44:08.611,44784.80078125
2021-05-10 00:44:18.555,45057.453125
2021-05-10 00:44:28.524,45136.5078125
2021-05-10 00:44:38.488,44350.1953125
2021-05-10 00:44:48.445,45149.52734375
2021-05-10 00:44:59.400,44192.0625
2021-05-10 00:45:09.382,44423.75
2021-05-10 00:45:19.314,44227.23046875
2021-05-10 00:45:29.770,44758.7890625
2021-05-10 00:45:39.736,44859.703125
2021-05-10 00:45:49.684,44535.91015625
2021-05-10 00:46:00.648,44698.671875
2021-05-10 00:46:10.632,45169.109375
2021-05-10 00:46:20.577,44760.84765625
2021-05-10 00:46:30.525,44446.72265625
2021-05-10 00:46:40.513,45199.24609375
2021-05-10 00:46:50.462,44922.35546875
2021-05-10 00:47:01.424,44286.78515625
2021-05-10 00:47:11.397,44287.3046875
2021-05-10 00:47:21.402,43963.14453125
2021-05-10 00:47:31.794,44361.2890625
2021-05-10 00:47:41.763,44752.7421875
2021-05-10 00:47:52.717,43734.7109375
2021-05-10 00:48:01.675,45262.94921875
2021-05-10 00:48:12.643,44567.38671875
2021-05-10 00:48:22.604,43967.46875
2021-05-10 00:48:33.555,43309.1953125
2021-05-10 00:48:42.510,43776.875
2021-05-10 00:48:53.472,43954.53515625
2021-05-10 00:49:03.443,44018.9609375
2021-05-10 00:49:13.397,43751.55078125
2021-05-10 00:49:23.365,44366.953125
2021-05-10 00:49:33.360,44210.5546875
2021-05-10 00:49:43.780,44094.93359375
2021-05-10 00:49:54.730,43799.4609375
2021-05-10 00:50:04.693,43348.1015625
2021-05-10 00:50:14.666,43442.33203125
2021-05-10 00:50:24.622,44570.30078125
2021-05-10 00:50:34.590,43976.1953125
2021-05-10 00:50:44.554,43529.28125
2021-05-10 00:50:55.516,44409.85546875
2021-05-10 00:51:05.455,43714.2734375
2021-05-10 00:51:15.422,43306.82421875
2021-05-10 00:51:25.380,43555.82421875
2021-05-10 00:51:35.398,43422.4140625
2021-05-10 00:51:45.799,43294.296875
2021-05-10 00:51:56.770,43315.3203125
2021-05-10 00:52:06.710,43070.86328125
2021-05-10 00:52:16.682,42977.47265625
2021-05-10 00:52:26.641,42917.66015625
2021-05-10 00:52:36.593,43098.30859375
2021-05-10 00:52:46.551,43187.203125
2021-05-10 00:52:57.512,42851.8671875
2021-05-10 00:53:07.474,42888.73828125
2021-05-10 00:53:16.433,43479.421875
2021-05-10 00:53:27.401,43364.21875
2021-05-10 00:53:37.405,43032.31640625
2021-05-10 00:53:48.802,43109.921875
2021-05-10 00:53:58.781,43029.7890625
2021-05-10 00:54:08.746,43031.06640625
2021-05-10 00:54:18.708,43024.0078125
2021-05-10 00:54:28.670,43184.15625
2021-05-10 00:54:38.619,43515.94921875
2021-05-10 00:54:48.593,42502.3046875
2021-05-10 00:54:59.549,42866.45703125
2021-05-10 00:55:09.516,42889.203125
2021-05-10 00:55:19.457,42058.2890625
2021-05-10 00:55:29.427,42510.40234375
2021-05-10 00:55:39.393,43132.1484375
2021-05-10 00:55:50.391,42986.421875
2021-05-10 00:56:00.789,42967.390625
2021-05-10 00:56:10.760,42997.37890625
2021-05-10 00:56:20.736,42427.2109375
2021-05-10 00:56:30.683,43126.140625
2021-05-10 00:56:40.642,42489.01953125
2021-05-10 00:56:50.594,43078.81640625
2021-05-10 00:57:01.558,42828.2578125
2021-05-10 00:57:11.514,43123.453125
2021-05-10 00:57:21.473,43319.55078125
2021-05-10 00:57:31.434,43321.8515625
2021-05-10 00:57:41.393,42898.9296875
2021-05-10 00:57:51.381,42796.8515625
2021-05-10 00:58:02.831,42979.3984375
2021-05-10 00:58:12.631,43313.8359375
2021-05-10 00:58:22.542,43301.828125
2021-05-10 00:58:33.492,43385.18359375
2021-05-10 00:58:42.457,42850.78125
2021-05-10 00:58:53.429,42712.49609375
2021-05-10 00:59:03.404,42857.2578125
2021-05-10 00:59:13.835,42456.58984375
2021-05-10 00:59:23.787,43582.5078125
2021-05-10 00:59:33.748,42902.79296875
2021-05-10 00:59:43.726,43029.85546875
2021-05-10 00:59:53.684,43177.58203125
2021-05-10 01:00:04.632,42941.1796875
2021-05-10 01:00:14.586,43036.1796875
2021-05-10 01:00:24.550,43452.0703125
2021-05-10 01:00:34.512,43563.546875
2021-05-10 01:00:44.471,43073.8828125
2021-05-10 01:00:54.430,43798.6953125
2021-05-10 01:01:05.410,43080.2734375
2021-05-10 01:01:15.855,43275.16796875
2021-05-10 01:01:25.804,43174.33984375
2021-05-10 01:01:36.787,42584.10546875
2021-05-10 01:01:46.755,43472.03515625
2021-05-10 01:01:56.708,43448.90234375
2021-05-10 01:02:06.670,43636.30859375
2021-05-10 01:02:16.616,43034.29296875
2021-05-10 01:02:27.570,43016.79296875
2021-05-10 01:02:37.537,43487.6171875
2021-05-10 01:02:47.498,43277.5390625
2021-05-10 01:02:57.450,43337.26953125
2021-05-10 01:03:07.408,43904.05078125
2021-05-10 01:03:17.867,43306.49609375
2021-05-10 01:03:28.833,42937.34765625
2021-05-10 01:03:38.785,44132.48828125
2021-05-10 01:03:48.751,43319.98046875
2021-05-10 01:03:58.704,43701.06640625
2021-05-10 01:04:08.666,43128.80078125
2021-05-10 01:04:19.625,43176.47265625
2021-05-10 01:04:28.590,43029.9765625
2021-05-10 01:04:39.548,43422.22265625
2021-05-10 01:04:49.523,43276.20703125
2021-05-10 01:04:59.458,43124.20703125
2021-05-10 01:05:09.423,43277.38671875
2021-05-10 01:05:19.409,43694.92578125
2021-05-10 01:05:30.858,43372.04296875
2021-05-10 01:05:40.814,43212.94140625
2021-05-10 01:05:50.782,42921.984375
2021-05-10 01:06:00.739,43363.94921875
2021-05-10 01:06:10.694,43233.10546875
2021-05-10 01:06:21.676,43126.0625
2021-05-10 01:06:31.610,43395.734375
2021-05-10 01:06:41.570,43187.55859375
2021-05-10 01:06:51.533,43896.390625
2021-05-10 01:07:01.489,43274.5234375
2021-05-10 01:07:11.478,42626.359375
2021-05-10 01:07:22.408,43226.27734375
2021-05-10 01:07:32.888,43596.68359375
2021-05-10 01:07:42.827,43042.62890625
2021-05-10 01:07:52.795,43277.9453125
2021-05-10 01:08:02.751,43490.03125
2021-05-10 01:08:12.710,42967.75
2021-05-10 01:08:23.665,43610.21875
2021-05-10 01:08:33.624,43174.265625
2021-05-10 01:08:43.584,43527.046875
2021-05-10 01:08:53.550,43339.32421875
2021-05-10 01:09:03.521,42439.15234375
2021-05-10 01:09:13.478,42635.8203125
2021-05-10 01:09:23.454,42732.0390625
2021-05-10 01:09:34.908,43351.09765625
2021-05-10 01:09:44.867,43465.75390625
2021-05-10 01:09:54.827,42789.51171875
2021-05-10 01:10:04.793,43536.15625
2021-05-10 01:10:14.750,42692.84765625
2021-05-10 01:10:25.697,43165.48828125
2021-05-10 01:10:34.673,43194.32421875
2021-05-10 01:10:45.609,43045.609375
2021-05-10 01:10:55.596,42487.25
2021-05-10 01:11:05.540,42695.296875
2021-05-10 01:11:15.491,42592.53515625
2021-05-10 01:11:26.453,42305.984375
2021-05-10 01:11:36.909,42853.87890625
2021-05-10 01:11:46.872,42907.09375
2021-05-10 01:11:56.837,42711.50390625
2021-05-10 01:12:06.795,42569.70703125
2021-05-10 01:12:16.750,43301.7109375
2021-05-10 01:12:27.705,41922.12890625
2021-05-10 01:12:37.679,42513.234375
2021-05-10 01:12:47.633,43050.19140625
2021-05-10 01:12:57.615,42296.50390625
2021-05-10 01:13:07.571,42951.015625
2021-05-10 01:13:18.520,41983.54296875
2021-05-10 01:13:28.477,42831.45703125
2021-05-10 01:13:37.448,42828.40625
2021-05-10 01:13:48.906,42871.7734375
2021-05-10 01:13:58.868,42738.57421875
2021-05-10 01:14:08.816,42434.0703125
2021-05-10 01:14:19.775,42609.56640625
2021-05-10 01:14:29.745,42773.5
2021-05-10 01:14:39.694,42156.92578125
2021-05-10 01:14:49.657,42161.16796875
2021-05-10 01:14:59.612,42769.04296875
2021-05-10 01:15:08.580,43430.98828125
2021-05-10 01:15:20.537,42299.81640625
2021-05-10 01:15:30.501,42819.4921875
2021-05-10 01:15:40.459,43106.90625
2021-05-10 01:15:50.919,43036.7265625
2021-05-10 01:16:00.864,42521.53125
2021-05-10 01:16:10.828,42861.11328125
2021-05-10 01:16:20.789,42318.9453125
2021-05-10 01:16:31.739,42411.20703125
2021-05-10 01:16:40.717,42368.05078125
2021-05-10 01:16:50.699,42915.44921875
2021-05-10 01:17:00.655,41916.86328125
2021-05-10 01:17:10.616,41902.015625
2021-05-10 01:17:22.568,42366.234375
2021-05-10 01:17:30.545,42520.83203125
2021-05-10 01:17:41.482,41884.59375
2021-05-10 01:17:52.953,42791.38671875
2021-05-10 01:18:01.902,41992.046875
2021-05-10 01:18:12.861,42376.53125
2021-05-10 01:18:22.829,42913.28125
2021-05-10 01:18:33.773,42490.17578125
2021-05-10 01:18:43.753,42691.46484375
2021-05-10 01:18:53.708,42424.36328125
2021-05-10 01:19:02.680,42783.4765625
2021-05-10 01:19:13.625,41882.63671875
2021-05-10 01:19:24.574,42826.5078125
2021-05-10 01:19:34.531,42004.87890625
2021-05-10 01:19:44.495,42168.6953125
2021-05-10 01:19:54.948,43041.67578125
2021-05-10 01:20:03.914,42234.890625
2021-05-10 01:20:14.883,42451.1015625
2021-05-10 01:20:23.828,42394.46875
2021-05-10 01:20:34.808,42908.0390625
2021-05-10 01:20:44.768,42688.48828125
2021-05-10 01:20:54.729,42516.2421875
2021-05-10 01:21:04.692,42271.7265625
2021-05-10 01:21:14.655,43080.41796875
2021-05-10 01:21:25.611,42754.40234375
2021-05-10 01:21:35.565,42411.546875
2021-05-10 01:21:46.027,42828.6484375
2021-05-10 01:21:55.483,42465.17578125
2021-05-10 01:22:06.439,43120.3203125
2021-05-10 01:22:16.412,42903.0390625
2021-05-10 01:22:27.386,42375.75
2021-05-10 01:22:37.319,43096.14453125
2021-05-10 01:22:47.313,42899.79296875
2021-05-10 01:22:57.241,42785.70703125
2021-05-10 01:23:07.241,42661.33203125
2021-05-10 01:23:17.246,43162.21875
2021-05-10 01:23:27.238,42372.23828125
2021-05-10 01:23:38.076,43512.8984375
2021-05-10 01:23:48.033,43231.02734375
2021-05-10 01:23:57.994,43169.90625
2021-05-10 01:24:08.457,43326.30859375
2021-05-10 01:24:19.424,42862.16015625
2021-05-10 01:24:29.402,43107.43359375
2021-05-10 01:24:39.396,43491.234375
2021-05-10 01:24:49.340,43118.8203125
2021-05-10 01:24:59.324,42855.9296875
2021-05-10 01:25:09.253,43355.6640625
2021-05-10 01:25:19.253,42771.7109375
2021-05-10 01:25:30.248,43415.6015625
2021-05-10 01:25:40.110,43459.3046875
2021-05-10 01:25:50.073,42703.2421875
2021-05-10 01:26:00.051,43455.91015625
2021-05-10 01:26:10.481,42973.4296875
2021-05-10 01:26:21.450,43474.34765625
2021-05-10 01:26:31.404,43659.6328125
2021-05-10 01:26:40.391,43065.52734375
2021-05-10 01:26:51.335,43117.15234375
2021-05-10 01:27:01.318,43218.79296875
2021-05-10 01:27:11.248,42849.08203125
2021-05-10 01:27:22.240,42836.64453125
2021-05-10 01:27:32.240,42095.76171875
2021-05-10 01:27:42.221,43036.8515625
2021-05-10 01:27:52.067,43543.30078125
2021-05-10 01:28:02.044,43637.6640625
2021-05-10 01:28:12.501,43232.91796875
2021-05-10 01:28:23.473,43374.06640625
2021-05-10 01:28:33.437,43448.60546875
2021-05-10 01:28:43.400,43225.109375
2021-05-10 01:28:53.400,43817.15234375
2021-05-10 01:29:03.331,43409.63671875
2021-05-10 01:29:13.327,43522.8359375
2021-05-10 01:29:24.251,42934.5546875
2021-05-10 01:29:34.253,43317.78515625
2021-05-10 01:29:44.250,42537.00390625
2021-05-10 01:29:54.110,43131.375
2021-05-10 01:30:04.074,43213.76171875
2021-05-10 01:30:14.523,43079.30859375
2021-05-10 01:30:25.348,43181.296875
2021-05-10 01:30:34.321,42677.55859375
2021-05-10 01:30:45.248,42444.640625
2021-05-10 01:30:55.244,42597.171875
2021-05-10 01:31:05.337,42576.44140625
2021-05-10 01:31:16.244,42751.421875
2021-05-10 01:31:26.239,42797.0703125
2021-05-10 01:31:36.243,43867.06640625
2021-05-10 01:31:46.244,43257.06640625
2021-05-10 01:31:55.240,43212.83984375
2021-05-10 01:32:06.083,43346.2890625
2021-05-10 01:32:16.044,42582.37890625
2021-05-10 01:32:27.505,42981.54296875
2021-05-10 01:32:37.469,43785.5546875
2021-05-10 01:32:47.430,43043.1484375
2021-05-10 01:32:57.396,43285.62109375
2021-05-10 01:33:07.405,43166.51953125
2021-05-10 01:33:18.332,43281.890625
2021-05-10 01:33:28.264,42648.16796875
2021-05-10 01:33:38.252,42872.18359375
2021-05-10 01:33:48.252,42886.03125
2021-05-10 01:33:58.252,43294.1328125
2021-05-10 01:34:08.119,43430.8359375
2021-05-10 01:34:19.067,43687.76953125
2021-05-10 01:34:29.539,43019.22265625
2021-05-10 01:34:39.486,42541.875
2021-05-10 01:34:49.447,43094.015625
2021-05-10 01:34:59.418,43231.39453125
2021-05-10 01:35:09.394,42650.8984375
2021-05-10 01:35:20.318,42911.3984375
2021-05-10 01:35:30.316,43458.9609375
2021-05-10 01:35:40.291,42916.99609375
2021-05-10 01:35:50.247,44039.93359375
2021-05-10 01:36:00.243,42937.046875
2021-05-10 01:36:11.137,43177.609375
2021-05-10 01:36:21.094,43141.69140625
2021-05-10 01:36:31.559,43708.48046875
2021-05-10 01:36:41.517,42935.71484375
2021-05-10 01:36:51.470,42998.296875
2021-05-10 01:37:01.441,43518.58203125
2021-05-10 01:37:12.416,42605.9609375
2021-05-10 01:37:22.415,43407.3203125
2021-05-10 01:37:32.339,43311.1796875
2021-05-10 01:37:42.445,43263.06640625
2021-05-10 01:37:52.258,43011.4375
2021-05-10 01:38:02.330,43603.87109375
2021-05-10 01:38:13.251,43625.0546875
2021-05-10 01:38:23.261,43340.82421875
2021-05-10 01:38:33.251,43932.71484375
2021-05-10 01:38:42.636,42713.7421875
2021-05-10 01:38:52.588,43553.93359375
2021-05-10 01:39:03.027,43385.80859375
2021-05-10 01:39:13.000,43247.328125
2021-05-10 01:39:23.947,43414.515625
2021-05-10 01:39:33.917,43544.75
2021-05-10 01:39:43.865,44123.96484375
2021-05-10 01:39:53.835,43927.06640625
2021-05-10 01:40:03.792,43410.22265625
2021-05-10 01:40:14.763,43535.96875
2021-05-10 01:40:24.722,44228.6875
2021-05-10 01:40:34.695,44206.09765625
2021-05-10 01:40:44.649,43759.7265625
2021-05-10 01:40:54.619,44064.59375
2021-05-10 01:41:05.058,43417.00390625
2021-05-10 01:41:16.018,44494.31640625
2021-05-10 01:41:25.976,43442.78125
2021-05-10 01:41:35.945,43916.30078125
2021-05-10 01:41:45.894,43640.375
2021-05-10 01:41:55.868,43468.5859375
2021-05-10 01:42:06.813,43842.88671875
2021-05-10 01:42:16.779,43381.2734375
2021-05-10 01:42:26.733,43737.9296875
2021-05-10 01:42:36.711,44426.30078125
2021-05-10 01:42:46.651,43290.2265625
2021-05-10 01:42:56.621,43384.90625
2021-05-10 01:43:07.068,43781.4140625
2021-05-10 01:43:18.022,43788.20703125
2021-05-10 01:43:27.986,43729.9609375
2021-05-10 01:43:37.947,43668.828125
2021-05-10 01:43:47.647,43995.47265625
2021-05-10 01:43:57.775,44036.2578125
2021-05-10 01:44:08.727,43274.87109375
2021-05-10 01:44:18.672,42412.61328125
2021-05-10 01:44:28.645,43445.796875
2021-05-10 01:44:38.810,43647.80859375
2021-05-10 01:44:48.766,43786.09765625
2021-05-10 01:44:58.725,43913.8203125
2021-05-10 01:45:09.689,44008.0390625
2021-05-10 01:45:19.642,43363.8828125
2021-05-10 01:45:29.595,43646.875
2021-05-10 01:45:40.062,43460.8125
2021-05-10 01:45:50.018,44266.0859375
2021-05-10 01:45:59.976,43594.92578125
2021-05-10 01:46:09.935,44418.390625
2021-05-10 01:46:20.893,44057.99609375
2021-05-10 01:46:30.863,43519.78125
2021-05-10 01:46:40.812,44218.09765625
2021-05-10 01:46:50.777,43755.359375
2021-05-10 01:47:00.741,43585.15234375
2021-05-10 01:47:11.711,43949.18359375
2021-05-10 01:47:21.654,44069.671875
2021-05-10 01:47:31.608,44193.84765625
2021-05-10 01:47:42.067,44138.31640625
2021-05-10 01:47:52.051,44618.41796875
2021-05-10 01:48:02.016,43510.96484375
2021-05-10 01:48:12.968,43758.015625
2021-05-10 01:48:22.927,43520.03515625
2021-05-10 01:48:32.885,44298.984375
2021-05-10 01:48:42.839,43620.83203125
2021-05-10 01:48:52.808,42848.0234375
2021-05-10 01:49:03.753,43864.171875
2021-05-10 01:49:13.722,43337.65625
2021-05-10 01:49:23.689,44277.8046875
2021-05-10 01:49:33.652,43517.25390625
2021-05-10 01:49:44.095,43713.3359375
2021-05-10 01:49:54.063,43286.28125
2021-05-10 01:50:05.016,43591.97265625
2021-05-10 01:50:14.976,43879.98046875
2021-05-10 01:50:24.945,43517.81640625
2021-05-10 01:50:34.900,44013.70703125
2021-05-10 01:50:44.864,42908.90625
2021-05-10 01:50:54.821,43258.2265625
2021-05-10 01:51:05.767,42972.88671875
2021-05-10 01:51:15.737,43373.94921875
2021-05-10 01:51:25.710,42552.37109375
2021-05-10 01:51:35.670,42937.671875
2021-05-10 01:51:46.131,43971.28125
2021-05-10 01:51:56.100,43204.3359375
2021-05-10 01:52:07.041,43511.91015625
2021-05-10 01:52:17.009,43745.58203125
2021-05-10 01:52:26.957,43225.6796875
2021-05-10 01:52:36.917,43719.44140625
2021-05-10 01:52:47.411,42910.44140625
2021-05-10 01:52:57.409,43504.02734375
2021-05-10 01:53:08.423,44028.85546875
2021-05-10 01:53:18.419,43915.73046875
2021-05-10 01:53:28.421,43189.6484375
2021-05-10 01:53:38.422,44098.90234375
2021-05-10 01:53:48.628,43966.765625
2021-05-10 01:53:58.591,43810.640625
2021-05-10 01:54:08.553,42864.7265625
2021-05-10 01:54:19.507,44058.83203125
2021-05-10 01:54:29.481,43920.60546875
2021-05-10 01:54:39.445,42525.18359375
2021-05-10 01:54:49.402,43037.49609375
2021-05-10 01:54:59.400,43388.8515625
2021-05-10 01:55:10.348,42849.109375
2021-05-10 01:55:20.341,43705.96484375
2021-05-10 01:55:30.347,43214.22265625
2021-05-10 01:55:40.354,44208.1015625
2021-05-10 01:55:50.276,43594.08984375
2021-05-10 01:56:01.616,43100.2265625
2021-05-10 01:56:11.582,43234.27734375
2021-05-10 01:56:21.542,43459.30859375
2021-05-10 01:56:31.495,43903.171875
2021-05-10 01:56:41.470,42727.84375
2021-05-10 01:56:51.436,43066.14453125
2021-05-10 01:57:02.417,43423.015625
2021-05-10 01:57:12.428,43755.8125
2021-05-10 01:57:22.335,43306.5546875
2021-05-10 01:57:32.327,44054.24609375
2021-05-10 01:57:42.326,43679.3203125
2021-05-10 01:57:52.264,43051.2734375
2021-05-10 01:58:03.639,43835.1796875
2021-05-10 01:58:13.603,43671.96875
2021-05-10 01:58:23.564,43326.453125
2021-05-10 01:58:33.508,43085.84765625
2021-05-10 01:58:43.469,43478.95703125
2021-05-10 01:58:53.427,43095.58984375
2021-05-10 01:59:04.413,43701.27734375
2021-05-10 01:59:13.425,43484.32421875
2021-05-10 01:59:24.340,43496.33203125
2021-05-10 01:59:34.358,42544.37890625
2021-05-10 01:59:44.351,43365.234375
2021-05-10 01:59:54.270,43767.04296875
2021-05-10 02:00:05.660,43772.828125
2021-05-10 02:00:15.626,42966.27734375
2021-05-10 02:00:25.577,43141.33984375
2021-05-10 02:00:35.547,43068.45703125
2021-05-10 02:00:45.508,42824.91015625
2021-05-10 02:00:56.454,42974.80078125
2021-05-10 02:01:06.434,43439.18359375
2021-05-10 02:01:16.435,43329.2109375
2021-05-10 02:01:26.401,44303.76171875
2021-05-10 02:01:36.343,43645.83203125
2021-05-10 02:01:46.336,43401.22265625
2021-05-10 02:01:56.333,43794.9296875
2021-05-10 02:02:07.264,43796.60546875
2021-05-10 02:02:17.639,43277.29296875
2021-05-10 02:02:27.589,43676.765625
2021-05-10 02:02:37.559,43612.6015625
2021-05-10 02:02:47.509,44323.890625
2021-05-10 02:02:57.467,43615.3671875
2021-05-10 02:03:08.429,43513.69140625
2021-05-10 02:03:18.473,44048.5703125
2021-05-10 02:03:28.432,44220.37109375
2021-05-10 02:03:38.421,43373.54296875
2021-05-10 02:03:48.450,43971.14453125
2021-05-10 02:03:59.411,43886.38671875
2021-05-10 02:04:09.348,43746.29296875
2021-05-10 02:04:19.339,43920.36328125
2021-05-10 02:04:29.270,43786.48828125
2021-05-10 02:04:39.267,43362.9375
2021-05-10 02:04:49.680,43540.8828125
2021-05-10 02:05:00.626,43487.1640625
2021-05-10 02:05:10.588,43630.953125
2021-05-10 02:05:20.573,44025.6953125
2021-05-10 02:05:30.514,44051.3828125
2021-05-10 02:05:40.469,44428.59765625
2021-05-10 02:05:50.456,44198.01171875
2021-05-10 02:06:00.419,43994.69140625
2021-05-10 02:06:11.411,43428.2890625
2021-05-10 02:06:21.331,43757.11328125
2021-05-10 02:06:31.261,44020.96484375
2021-05-10 02:06:41.260,44246.8125
2021-05-10 02:06:51.688,44552.55078125
2021-05-10 02:07:02.637,44099.703125
2021-05-10 02:07:12.623,44617.32421875
2021-05-10 02:07:22.584,44055.71484375
2021-05-10 02:07:32.550,44030.58203125
2021-05-10 02:07:42.505,44033.72265625
2021-05-10 02:07:52.462,44573.5625
2021-05-10 02:08:02.447,44498.390625
2021-05-10 02:08:13.411,45066.28515625
2021-05-10 02:08:23.342,44218.44140625
2021-05-10 02:08:33.409,44195.34765625
2021-05-10 02:08:43.360,44456.765625
2021-05-10 02:08:53.709,44783.59375
2021-05-10 02:09:04.679,44614.640625
2021-05-10 02:09:14.640,44210.9609375
2021-05-10 02:09:24.592,44197.33984375
2021-05-10 02:09:34.556,45022.4375
2021-05-10 02:09:44.509,44375.9609375
2021-05-10 02:09:54.476,44532.4296875
2021-05-10 02:10:04.451,44936.01171875
2021-05-10 02:10:15.410,44563.75
2021-05-10 02:10:25.404,44913.421875
2021-05-10 02:10:35.330,44597.078125
2021-05-10 02:10:45.347,44993.83203125
2021-05-10 02:10:55.742,44972.75390625
2021-05-10 02:11:05.702,45086.171875
2021-05-10 02:11:16.667,44859.78125
2021-05-10 02:11:26.633,44731.70703125
2021-05-10 02:11:36.583,44620.98828125
2021-05-10 02:11:46.541,44488.9921875
2021-05-10 02:11:56.505,43312.91015625
2021-05-10 02:12:06.460,44046.515625
2021-05-10 02:12:16.454,45391.19921875
2021-05-10 02:12:27.427,44438.63671875
2021-05-10 02:12:37.354,44794.4140625
2021-05-10 02:12:47.342,44795.921875
2021-05-10 02:12:57.270,44617.5390625
2021-05-10 02:13:08.710,45466.5625
2021-05-10 02:13:18.667,45154.46484375
2021-05-10 02:13:28.637,44536.4765625
2021-05-10 02:13:38.587,45064.5234375
2021-05-10 02:13:48.546,44312.05859375
2021-05-10 02:13:58.516,45480.5703125
2021-05-10 02:14:08.483,45657.203125
2021-05-10 02:14:19.445,45910.5234375
2021-05-10 02:14:29.436,45214.47265625
2021-05-10 02:14:39.428,45275.390625
2021-05-10 02:14:49.356,44868.359375
2021-05-10 02:14:59.344,45922.3671875
2021-05-10 02:15:10.740,44535.09765625
2021-05-10 02:15:20.708,45126.73828125
2021-05-10 02:15:30.669,45704.30859375
2021-05-10 02:15:40.628,45894.234375
2021-05-10 02:15:50.582,45278.5859375
2021-05-10 02:16:00.542,45326.21484375
2021-05-10 02:16:10.508,44658.40625
2021-05-10 02:16:21.453,45688.78125
2021-05-10 02:16:31.415,45749.5625
2021-05-10 02:16:41.416,45258.29296875
2021-05-10 02:16:51.349,45208.8515625
2021-05-10 02:17:02.415,44912.04296875
2021-05-10 02:17:12.320,44493.984375
2021-05-10 02:17:22.710,45723.140625
2021-05-10 02:17:32.678,45914.16796875
2021-05-10 02:17:42.648,45675.9140625
2021-05-10 02:17:52.619,46337.7890625
2021-05-10 02:18:03.562,46114.16796875
2021-05-10 02:18:13.521,46505.87890625
2021-05-10 02:18:23.491,45445.5625
2021-05-10 02:18:33.456,45119.92578125
2021-05-10 02:18:43.430,46221.671875
2021-05-10 02:18:53.423,45900.66796875
2021-05-10 02:19:04.430,45892.86328125
2021-05-10 02:19:14.286,46309.890625
2021-05-10 02:19:24.767,46214.26953125
2021-05-10 02:19:34.712,46593.08984375
2021-05-10 02:19:44.659,46130.7734375
2021-05-10 02:19:54.618,45348.87109375
2021-05-10 02:20:04.580,45438.06640625
2021-05-10 02:20:15.537,45509.86328125
2021-05-10 02:20:25.509,45846.1015625
2021-05-10 02:20:35.460,46382.078125
2021-05-10 02:20:45.430,45696.88671875
2021-05-10 02:20:55.426,45692.2109375
2021-05-10 02:21:05.363,45911.01171875
2021-05-10 02:21:16.346,45714.87890625
2021-05-10 02:21:26.758,46643.54296875
2021-05-10 02:21:36.729,46416.50390625
2021-05-10 02:21:46.691,45771.765625
2021-05-10 02:21:57.642,45944.28515625
2021-05-10 02:22:07.285,46502.95703125
2021-05-10 02:22:17.285,46586.09375
2021-05-10 02:22:26.973,46218.59375
2021-05-10 02:22:36.940,46505.8203125
2021-05-10 02:22:46.893,46150.1015625
2021-05-10 02:22:56.863,46256.34765625
2021-05-10 02:23:07.825,46273.9140625
2021-05-10 02:23:18.284,46050.8984375
2021-05-10 02:23:28.286,46170.484375
2021-05-10 02:23:38.279,46377.13671875
2021-05-10 02:23:48.151,46492.09765625
2021-05-10 02:23:58.110,46380.6875
2021-05-10 02:24:09.091,46363.6328125
2021-05-10 02:24:19.038,46195.6015625
2021-05-10 02:24:28.986,46348.796875
2021-05-10 02:24:38.945,46156.98046875
2021-05-10 02:24:48.906,46235.3203125
2021-05-10 02:24:58.876,45994.89453125
2021-05-10 02:25:09.825,45642.44140625
2021-05-10 02:25:18.799,45937.2890625
2021-05-10 02:25:30.291,46062.96484375
2021-05-10 02:25:40.296,46045.26953125
2021-05-10 02:25:50.292,46230.2265625
2021-05-10 02:26:00.135,45526.453125
2021-05-10 02:26:11.091,46102.640625
2021-05-10 02:26:21.048,46014.94921875
2021-05-10 02:26:31.016,46057.48828125
2021-05-10 02:26:40.985,46522.53515625
2021-05-10 02:26:50.948,46618.95703125
2021-05-10 02:27:00.907,46390.21875
2021-05-10 02:27:11.859,45993.96484375
2021-05-10 02:27:21.833,46279.640625
2021-05-10 02:27:32.283,46278.87890625
2021-05-10 02:27:42.284,45800.796875
2021-05-10 02:27:52.277,46659.46875
2021-05-10 02:28:02.159,46049.94921875
2021-05-10 02:28:13.105,45989.62890625
2021-05-10 02:28:23.074,46624.765625
2021-05-10 02:28:33.017,46022.70703125
2021-05-10 02:28:43.002,46450.734375
2021-05-10 02:28:52.978,45890.0078125
2021-05-10 02:29:03.918,46197.2890625
2021-05-10 02:29:13.879,45745.703125
2021-05-10 02:29:23.846,45765.9453125
2021-05-10 02:29:34.300,46142.765625
2021-05-10 02:29:44.298,46904.16796875
2021-05-10 02:29:54.295,46720.28125
2021-05-10 02:30:04.292,45939.19140625
2021-05-10 02:30:15.135,46239.76171875
2021-05-10 02:30:25.110,46717.4453125
2021-05-10 02:30:35.074,46638.58203125
2021-05-10 02:30:45.018,46626.52734375
2021-05-10 02:30:54.975,45772.2578125
2021-05-10 02:31:05.924,46025.11328125
2021-05-10 02:31:15.896,45615.19921875
2021-05-10 02:31:25.855,45983.3046875
2021-05-10 02:31:35.815,46247.609375
2021-05-10 02:31:46.284,46360.01953125
2021-05-10 02:31:57.295,45947.859375
2021-05-10 02:32:07.291,45569.37109375
2021-05-10 02:32:17.155,45393.6640625
2021-05-10 02:32:27.101,45668.4765625
2021-05-10 02:32:37.080,45741.2890625
2021-05-10 02:32:47.040,45492.734375
2021-05-10 02:32:57.009,45921.16015625
2021-05-10 02:33:06.969,46382.5859375
2021-05-10 02:33:17.925,46297.375
2021-05-10 02:33:27.901,46128.0234375
2021-05-10 02:33:37.837,46098.07421875
2021-05-10 02:33:48.295,46052.99609375
2021-05-10 02:33:58.295,46549.86328125
2021-05-10 02:34:08.292,46247.89453125
2021-05-10 02:34:19.294,46443.09765625
2021-05-10 02:34:29.142,46276.765625
2021-05-10 02:34:39.111,46032.45703125
2021-05-10 02:34:49.049,46440.12109375
2021-05-10 02:34:59.018,45706.015625
2021-05-10 02:35:09.979,45592.82421875
2021-05-10 02:35:19.938,46184.2578125
2021-05-10 02:35:29.884,45837.73046875
2021-05-10 02:35:39.861,45388.40625
2021-05-10 02:35:50.357,45739.37890625
2021-05-10 02:36:01.287,46106.6875
2021-05-10 02:36:11.287,46207.9921875
2021-05-10 02:36:21.284,45540.23828125
2021-05-10 02:36:31.150,45635.83984375
2021-05-10 02:36:41.126,46654.1953125
2021-05-10 02:36:51.088,45492.8359375
2021-05-10 02:37:01.042,46126.33984375
2021-05-10 02:37:12.012,46751.8125
2021-05-10 02:37:21.958,45978.1484375
2021-05-10 02:37:31.922,46964.96875
2021-05-10 02:37:41.879,45734.4453125
2021-05-10 02:37:51.846,45733.16015625
2021-05-10 02:38:02.369,45648.26953125
2021-05-10 02:38:13.294,46252.90234375
2021-05-10 02:38:23.291,47188.78125
2021-05-10 02:38:33.291,46599.82421875
2021-05-10 02:38:43.138,46401.99609375
2021-05-10 02:38:53.106,46101.828125
2021-05-10 02:39:04.061,46719.8984375
2021-05-10 02:39:14.007,46605.15625
2021-05-10 02:39:23.971,46047.4609375
2021-05-10 02:39:33.935,46094.83203125
2021-05-10 02:39:43.889,47047.50390625
2021-05-10 02:39:54.371,46549.66015625
2021-05-10 02:40:03.357,46741.41796875
2021-05-10 02:40:15.285,46533.1015625
2021-05-10 02:40:25.283,46950.53515625
2021-05-10 02:40:35.283,45937.40625
2021-05-10 02:40:45.173,46956.21875
2021-05-10 02:40:55.131,46452.69140625
2021-05-10 02:41:06.081,47096.203125
2021-05-10 02:41:16.054,46236.89453125
2021-05-10 02:41:25.999,46111.3984375
2021-05-10 02:41:35.958,46569.08984375
2021-05-10 02:41:45.938,45950.87890625
2021-05-10 02:41:55.886,45309.13671875
2021-05-10 02:42:07.361,46508.625
2021-05-10 02:42:17.363,46473.6171875
2021-05-10 02:42:27.299,46164.7734375
2021-05-10 02:42:37.303,46874.6953125
2021-05-10 02:42:47.297,46096.4453125
2021-05-10 02:42:57.145,46111.49609375
2021-05-10 02:43:08.090,46695.16015625
2021-05-10 02:43:18.052,46184.99609375
2021-05-10 02:43:28.020,46106.8359375
2021-05-10 02:43:37.967,46151.71875
2021-05-10 02:43:47.930,46138.55859375
2021-05-10 02:43:57.899,45277.3125
2021-05-10 02:44:09.369,46183.44140625
2021-05-10 02:44:19.348,46516.8203125
2021-05-10 02:44:29.310,46288.5234375
2021-05-10 02:44:39.305,46260.08984375
2021-05-10 02:44:49.310,46205.7265625
2021-05-10 02:45:00.174,46482.8046875
2021-05-10 02:45:10.129,46115.546875
2021-05-10 02:45:20.088,46500.7109375
2021-05-10 02:45:31.034,45776.5859375
2021-05-10 02:45:41.003,46061.41796875
2021-05-10 02:45:50.964,46925.62109375
2021-05-10 02:46:00.921,46401.8359375
2021-05-10 02:46:09.391,46342.05078125
2021-05-10 02:46:22.375,46889.47265625
2021-05-10 02:46:32.300,46913.9140625
2021-05-10 02:46:42.294,46717.609375
2021-05-10 02:46:52.294,46819.1953125
2021-05-10 02:47:00.292,46566.9921875
2021-05-10 02:47:12.132,46949.8125
2021-05-10 02:47:22.090,46651.8828125
2021-05-10 02:47:33.047,45903.51171875
2021-05-10 02:47:43.011,45348.26171875
2021-05-10 02:47:52.971,46120.1875
2021-05-10 02:48:02.953,46675.078125
2021-05-10 02:48:12.914,46740.05078125
2021-05-10 02:48:23.380,46126.1484375
2021-05-10 02:48:34.373,45739.140625
2021-05-10 02:48:44.303,46299.44140625
2021-05-10 02:48:54.303,45709.3984375
2021-05-10 02:49:04.305,46211.0859375
2021-05-10 02:49:14.164,46340.99609375
2021-05-10 02:49:23.126,45417.47265625
2021-05-10 02:49:34.081,45718.19921875
2021-05-10 02:49:44.042,45813.2734375
2021-05-10 02:49:55.001,45665.23828125
2021-05-10 02:50:03.974,46229.6015625
2021-05-10 02:50:14.916,46149.3828125
2021-05-10 02:50:26.377,46264.55078125
2021-05-10 02:50:36.365,45956.609375
2021-05-10 02:50:46.297,46097.69921875
2021-05-10 02:50:56.304,45964.3125
2021-05-10 02:51:06.296,46267.65234375
2021-05-10 02:51:16.167,45685.32421875
2021-05-10 02:51:27.128,46010.8046875
2021-05-10 02:51:37.115,45808.16015625
2021-05-10 02:51:47.060,45518.94921875
2021-05-10 02:51:57.022,45618.38671875
2021-05-10 02:52:05.997,45666.671875
2021-05-10 02:52:18.446,45634.8515625
2021-05-10 02:52:28.453,45932.85546875
2021-05-10 02:52:38.383,46086.86328125
2021-05-10 02:52:48.393,45094.3203125
2021-05-10 02:52:58.312,45711.1015625
2021-05-10 02:53:08.304,45640.453125
2021-05-10 02:53:19.302,45308.37890625
2021-05-10 02:53:28.161,46105.390625
2021-05-10 02:53:39.131,45310.203125
2021-05-10 02:53:48.078,45894.1171875
2021-05-10 02:53:58.051,45482.66015625
2021-05-10 02:54:08.001,45781.70703125
2021-05-10 02:54:18.973,45472.984375
2021-05-10 02:54:29.445,46151.98046875
2021-05-10 02:54:39.381,45376.59765625
2021-05-10 02:54:49.375,46469.6484375
2021-05-10 02:54:59.304,45524.83203125
2021-05-10 02:55:10.302,46031.1484375
2021-05-10 02:55:20.320,46321.53515625
2021-05-10 02:55:29.322,45338.52734375
2021-05-10 02:55:40.147,45547.234375
2021-05-10 02:55:50.124,46887.29296875
2021-05-10 02:56:00.073,46030.7421875
2021-05-10 02:56:10.032,45894.44140625
2021-05-10 02:56:20.990,45520.0703125
2021-05-10 02:56:31.460,45973.23046875
2021-05-10 02:56:41.465,46270.734375
2021-05-10 02:56:51.398,46233.16796875
2021-05-10 02:57:01.396,46593.8515625
2021-05-10 02:57:12.307,46396.12890625
2021-05-10 02:57:22.305,46733.06640625
2021-05-10 02:57:32.304,46216.40234375
2021-05-10 02:57:42.163,45961.76171875
2021-05-10 02:57:52.123,46281.6171875
2021-05-10 02:58:02.081,46080.8515625
2021-05-10 02:58:12.036,45449.6953125
2021-05-10 02:58:23.001,45824.40625
2021-05-10 02:58:33.471,45419.35546875
2021-05-10 02:58:43.437,45690.70703125
2021-05-10 02:58:53.392,46313.18359375
2021-05-10 02:59:03.367,45879.296875
2021-05-10 02:59:14.314,45086.171875
2021-05-10 02:59:24.313,45965.6796875
2021-05-10 02:59:34.316,45062.015625
2021-05-10 02:59:43.318,45161.9609375
2021-05-10 02:59:53.165,45074.796875
